<?xml version='1.0'?>
<module>
<exporttime>2015-05-25 11:47:30</exporttime>
<name>EmailTrackingReport</name>
<label>EmailTrackingReport</label>
<parent>Support</parent>
<dependencies>
<vtiger_version>6.2.0</vtiger_version>
</dependencies>
<tables>
<table>
<name>vtiger_emailtrackingreport</name>
<sql><![CDATA[CREATE TABLE IF NOT EXISTS `vtiger_emailtrackingreport` (
  `emailtrackingreportid` int(11) DEFAULT NULL,
  `emailtrackingreport1` varchar(100) DEFAULT NULL,
  `parent_id` varchar(50) DEFAULT NULL,
  `emailid` varchar(50) DEFAULT NULL,
  `emailcampaignsid` varchar(50) DEFAULT NULL,
  `email_open` varchar(50) DEFAULT NULL,
  `email_click` varchar(50) DEFAULT NULL
) ENGINE=InnoDB DEFAULT CHARSET=utf8]]></sql>
</table>
<table>
<name>vtiger_emailtrackingreportcf</name>
<sql><![CDATA[CREATE TABLE IF NOT EXISTS `vtiger_emailtrackingreportcf` (
  `emailtrackingreportid` int(11) NOT NULL,
  PRIMARY KEY (`emailtrackingreportid`)
) ENGINE=InnoDB DEFAULT CHARSET=utf8]]></sql>
</table>
</tables>
<blocks>
<block>
<label>Link Tracker Information</label>
<fields>
<field>
<fieldname>emailtrackingreport1</fieldname>
<uitype>4</uitype>
<columnname>emailtrackingreport1</columnname>
<tablename>vtiger_emailtrackingreport</tablename>
<generatedtype>1</generatedtype>
<fieldlabel>Email Tracking Report ID</fieldlabel>
<readonly>1</readonly>
<presence>2</presence>
<defaultvalue></defaultvalue>
<sequence>1</sequence>
<maximumlength>100</maximumlength>
<typeofdata>V~O</typeofdata>
<quickcreate>1</quickcreate>
<quickcreatesequence></quickcreatesequence>
<displaytype>1</displaytype>
<info_type>BAS</info_type>
<helpinfo><![CDATA[]]></helpinfo>
<masseditable>1</masseditable>
<summaryfield>0</summaryfield>
<entityidentifier>
<entityidfield>emailtrackingreportid</entityidfield>
<entityidcolumn>emailtrackingreportid</entityidcolumn>
</entityidentifier>
</field>
<field>
<fieldname>assigned_user_id</fieldname>
<uitype>53</uitype>
<columnname>smownerid</columnname>
<tablename>vtiger_crmentity</tablename>
<generatedtype>1</generatedtype>
<fieldlabel>Assigned To</fieldlabel>
<readonly>1</readonly>
<presence>2</presence>
<defaultvalue></defaultvalue>
<sequence>2</sequence>
<maximumlength>100</maximumlength>
<typeofdata>V~M</typeofdata>
<quickcreate>1</quickcreate>
<quickcreatesequence></quickcreatesequence>
<displaytype>1</displaytype>
<info_type>BAS</info_type>
<helpinfo><![CDATA[]]></helpinfo>
<masseditable>1</masseditable>
<summaryfield>0</summaryfield>
</field>
<field>
<fieldname>parent_id</fieldname>
<uitype>10</uitype>
<columnname>parent_id</columnname>
<tablename>vtiger_emailtrackingreport</tablename>
<generatedtype>1</generatedtype>
<fieldlabel>Parent Id</fieldlabel>
<readonly>1</readonly>
<presence>2</presence>
<defaultvalue></defaultvalue>
<sequence>3</sequence>
<maximumlength>100</maximumlength>
<typeofdata>V~O</typeofdata>
<quickcreate>1</quickcreate>
<quickcreatesequence></quickcreatesequence>
<displaytype>1</displaytype>
<info_type>BAS</info_type>
<helpinfo><![CDATA[]]></helpinfo>
<masseditable>1</masseditable>
<summaryfield>0</summaryfield>
<relatedmodules>
<relatedmodule>Contacts</relatedmodule>
<relatedmodule>Leads</relatedmodule>
<relatedmodule>Accounts</relatedmodule>
</relatedmodules>
</field>
<field>
<fieldname>emailid</fieldname>
<uitype>10</uitype>
<columnname>emailid</columnname>
<tablename>vtiger_emailtrackingreport</tablename>
<generatedtype>1</generatedtype>
<fieldlabel>Subject</fieldlabel>
<readonly>1</readonly>
<presence>2</presence>
<defaultvalue></defaultvalue>
<sequence>4</sequence>
<maximumlength>100</maximumlength>
<typeofdata>V~O</typeofdata>
<quickcreate>1</quickcreate>
<quickcreatesequence></quickcreatesequence>
<displaytype>1</displaytype>
<info_type>BAS</info_type>
<helpinfo><![CDATA[]]></helpinfo>
<masseditable>1</masseditable>
<summaryfield>0</summaryfield>
<relatedmodules>
<relatedmodule>Emails</relatedmodule>
</relatedmodules>
</field>
<field>
<fieldname>emailcampaignsid</fieldname>
<uitype>10</uitype>
<columnname>emailcampaignsid</columnname>
<tablename>vtiger_emailtrackingreport</tablename>
<generatedtype>1</generatedtype>
<fieldlabel>EmailCampaigns</fieldlabel>
<readonly>1</readonly>
<presence>2</presence>
<defaultvalue></defaultvalue>
<sequence>5</sequence>
<maximumlength>100</maximumlength>
<typeofdata>V~O</typeofdata>
<quickcreate>1</quickcreate>
<quickcreatesequence></quickcreatesequence>
<displaytype>1</displaytype>
<info_type>BAS</info_type>
<helpinfo><![CDATA[]]></helpinfo>
<masseditable>1</masseditable>
<summaryfield>1</summaryfield>
<relatedmodules>
<relatedmodule>EmailCampaigns</relatedmodule>
</relatedmodules>
</field>
<field>
<fieldname>email_open</fieldname>
<uitype>2</uitype>
<columnname>email_open</columnname>
<tablename>vtiger_emailtrackingreport</tablename>
<generatedtype>1</generatedtype>
<fieldlabel>Email Open</fieldlabel>
<readonly>1</readonly>
<presence>2</presence>
<defaultvalue></defaultvalue>
<sequence>6</sequence>
<maximumlength>100</maximumlength>
<typeofdata>V~O</typeofdata>
<quickcreate>1</quickcreate>
<quickcreatesequence></quickcreatesequence>
<displaytype>1</displaytype>
<info_type>BAS</info_type>
<helpinfo><![CDATA[]]></helpinfo>
<masseditable>1</masseditable>
<summaryfield>1</summaryfield>
</field>
<field>
<fieldname>email_click</fieldname>
<uitype>2</uitype>
<columnname>email_click</columnname>
<tablename>vtiger_emailtrackingreport</tablename>
<generatedtype>1</generatedtype>
<fieldlabel>Email Click</fieldlabel>
<readonly>1</readonly>
<presence>2</presence>
<defaultvalue></defaultvalue>
<sequence>7</sequence>
<maximumlength>100</maximumlength>
<typeofdata>V~O</typeofdata>
<quickcreate>1</quickcreate>
<quickcreatesequence></quickcreatesequence>
<displaytype>1</displaytype>
<info_type>BAS</info_type>
<helpinfo><![CDATA[]]></helpinfo>
<masseditable>1</masseditable>
<summaryfield>1</summaryfield>
</field>
<field>
<fieldname>modifiedtime</fieldname>
<uitype>70</uitype>
<columnname>modifiedtime</columnname>
<tablename>vtiger_crmentity</tablename>
<generatedtype>1</generatedtype>
<fieldlabel>Modified Time</fieldlabel>
<readonly>1</readonly>
<presence>2</presence>
<defaultvalue></defaultvalue>
<sequence>8</sequence>
<maximumlength>100</maximumlength>
<typeofdata>T~O</typeofdata>
<quickcreate>1</quickcreate>
<quickcreatesequence></quickcreatesequence>
<displaytype>2</displaytype>
<info_type>BAS</info_type>
<helpinfo><![CDATA[]]></helpinfo>
<masseditable>1</masseditable>
<summaryfield>0</summaryfield>
</field>
</fields>
</block>
</blocks>
<customviews>
<customview>
<viewname>All</viewname>
<setdefault>true</setdefault>
<setmetrics>false</setmetrics>
<fields>
<field>
<fieldname>emailtrackingreport1</fieldname>
<columnindex>1</columnindex>
</field>
<field>
<fieldname>assigned_user_id</fieldname>
<columnindex>2</columnindex>
</field>
<field>
<fieldname>parent_id</fieldname>
<columnindex>3</columnindex>
</field>
<field>
<fieldname>emailid</fieldname>
<columnindex>4</columnindex>
</field>
<field>
<fieldname>emailcampaignsid</fieldname>
<columnindex>5</columnindex>
</field>
<field>
<fieldname>email_open</fieldname>
<columnindex>6</columnindex>
</field>
<field>
<fieldname>email_click</fieldname>
<columnindex>7</columnindex>
</field>
<field>
<fieldname>modifiedtime</fieldname>
<columnindex>8</columnindex>
</field>
</fields>
</customview>
</customviews>
<sharingaccess>
<default>private</default>
</sharingaccess>
<actions>
<action>
<name><![CDATA[Import]]></name>
<status>enabled</status>
</action>
<action>
<name><![CDATA[Export]]></name>
<status>enabled</status>
</action>
<action>
<name><![CDATA[Merge]]></name>
<status>enabled</status>
</action>
</actions>
<crons>
</crons>
</module>
