<?xml version='1.0'?>
<module>
<exporttime>2014-06-10 16:52:29</exporttime>
<name>Modalitapagamento</name>
<label>Modalitapagamento</label>
<parent>Marketing</parent>
<dependencies>
<vtiger_version>6.0.0</vtiger_version>
</dependencies>
<tables>
<table>
<name>green_modalitapagamento</name>
<sql><![CDATA[CREATE TABLE `green_modalitapagamento` (
  `modalitapagamentoid` int(11) DEFAULT NULL,
  `modalitapagamento` varchar(255) DEFAULT NULL,
  `pagamento_no` varchar(100) DEFAULT NULL,
  `modalita_attiva` varchar(3) DEFAULT NULL,
  `dettagliopag` varchar(255) DEFAULT NULL
) ENGINE=InnoDB DEFAULT CHARSET=utf8]]></sql>
</table>
<table>
<name>green_modalitapagamentocf</name>
<sql><![CDATA[CREATE TABLE `green_modalitapagamentocf` (
  `modalitapagamentoid` int(11) NOT NULL,
  PRIMARY KEY (`modalitapagamentoid`)
) ENGINE=InnoDB DEFAULT CHARSET=utf8]]></sql>
</table>
</tables>
<blocks>
<block>
<label>LBL_MODALITAPAGAMENTO_INFORMATION</label>
<fields>
<field>
<fieldname>modalitapagamento</fieldname>
<uitype>2</uitype>
<columnname>modalitapagamento</columnname>
<tablename>green_modalitapagamento</tablename>
<generatedtype>1</generatedtype>
<fieldlabel>Modalitapagamento</fieldlabel>
<readonly>1</readonly>
<presence>2</presence>
<defaultvalue></defaultvalue>
<sequence>1</sequence>
<maximumlength>100</maximumlength>
<typeofdata>V~M</typeofdata>
<quickcreate>1</quickcreate>
<quickcreatesequence></quickcreatesequence>
<displaytype>1</displaytype>
<info_type>BAS</info_type>
<helpinfo><![CDATA[]]></helpinfo>
<masseditable>1</masseditable>
<entityidentifier>
<entityidfield>modalitapagamentoid</entityidfield>
<entityidcolumn>modalitapagamentoid</entityidcolumn>
</entityidentifier>
</field>
<field>
<fieldname>assigned_user_id</fieldname>
<uitype>53</uitype>
<columnname>smownerid</columnname>
<tablename>vtiger_crmentity</tablename>
<generatedtype>1</generatedtype>
<fieldlabel>Assigned To</fieldlabel>
<readonly>1</readonly>
<presence>2</presence>
<defaultvalue></defaultvalue>
<sequence>2</sequence>
<maximumlength>100</maximumlength>
<typeofdata>V~M</typeofdata>
<quickcreate>1</quickcreate>
<quickcreatesequence></quickcreatesequence>
<displaytype>1</displaytype>
<info_type>BAS</info_type>
<helpinfo><![CDATA[]]></helpinfo>
<masseditable>1</masseditable>
</field>
<field>
<fieldname>createdtime</fieldname>
<uitype>70</uitype>
<columnname>createdtime</columnname>
<tablename>vtiger_crmentity</tablename>
<generatedtype>1</generatedtype>
<fieldlabel>Created Time</fieldlabel>
<readonly>1</readonly>
<presence>2</presence>
<defaultvalue></defaultvalue>
<sequence>3</sequence>
<maximumlength>100</maximumlength>
<typeofdata>T~O</typeofdata>
<quickcreate>1</quickcreate>
<quickcreatesequence></quickcreatesequence>
<displaytype>2</displaytype>
<info_type>BAS</info_type>
<helpinfo><![CDATA[]]></helpinfo>
<masseditable>1</masseditable>
</field>
<field>
<fieldname>modifiedtime</fieldname>
<uitype>70</uitype>
<columnname>modifiedtime</columnname>
<tablename>vtiger_crmentity</tablename>
<generatedtype>1</generatedtype>
<fieldlabel>Modified Time</fieldlabel>
<readonly>1</readonly>
<presence>2</presence>
<defaultvalue></defaultvalue>
<sequence>4</sequence>
<maximumlength>100</maximumlength>
<typeofdata>T~O</typeofdata>
<quickcreate>1</quickcreate>
<quickcreatesequence></quickcreatesequence>
<displaytype>2</displaytype>
<info_type>BAS</info_type>
<helpinfo><![CDATA[]]></helpinfo>
<masseditable>1</masseditable>
</field>
<field>
<fieldname>pagamento_no</fieldname>
<uitype>4</uitype>
<columnname>pagamento_no</columnname>
<tablename>green_modalitapagamento</tablename>
<generatedtype>1</generatedtype>
<fieldlabel>pagamento_no</fieldlabel>
<readonly>1</readonly>
<presence>2</presence>
<defaultvalue></defaultvalue>
<sequence>5</sequence>
<maximumlength>100</maximumlength>
<typeofdata>V~O</typeofdata>
<quickcreate>1</quickcreate>
<quickcreatesequence></quickcreatesequence>
<displaytype>1</displaytype>
<info_type>BAS</info_type>
<helpinfo><![CDATA[]]></helpinfo>
<masseditable>1</masseditable>
</field>
<field>
<fieldname>modalita_attiva</fieldname>
<uitype>56</uitype>
<columnname>modalita_attiva</columnname>
<tablename>green_modalitapagamento</tablename>
<generatedtype>1</generatedtype>
<fieldlabel>LBL_ATTIVA</fieldlabel>
<readonly>1</readonly>
<presence>2</presence>
<defaultvalue></defaultvalue>
<sequence>6</sequence>
<maximumlength>100</maximumlength>
<typeofdata>V~O</typeofdata>
<quickcreate>1</quickcreate>
<quickcreatesequence></quickcreatesequence>
<displaytype>1</displaytype>
<info_type>BAS</info_type>
<helpinfo><![CDATA[]]></helpinfo>
<masseditable>1</masseditable>
</field>
<field>
<fieldname>dettagliopag</fieldname>
<uitype>19</uitype>
<columnname>dettagliopag</columnname>
<tablename>green_modalitapagamento</tablename>
<generatedtype>1</generatedtype>
<fieldlabel>LBL_MODALITA_PAGAMENTO</fieldlabel>
<readonly>1</readonly>
<presence>2</presence>
<defaultvalue></defaultvalue>
<sequence>7</sequence>
<maximumlength>100</maximumlength>
<typeofdata>V~O</typeofdata>
<quickcreate>1</quickcreate>
<quickcreatesequence></quickcreatesequence>
<displaytype>1</displaytype>
<info_type>BAS</info_type>
<helpinfo><![CDATA[]]></helpinfo>
<masseditable>1</masseditable>
</field>
</fields>
</block>
<block>
<label>LBL_CUSTOM_INFORMATION</label>
</block>
</blocks>
<customviews>
<customview>
<viewname>LBL_ATTIVA</viewname>
<setdefault>true</setdefault>
<setmetrics>false</setmetrics>
<fields>
<field>
<fieldname>modalitapagamento</fieldname>
<columnindex>0</columnindex>
</field>
<field>
<fieldname>pagamento_no</fieldname>
<columnindex>1</columnindex>
</field>
<field>
<fieldname>dettagliopag</fieldname>
<columnindex>2</columnindex>
</field>
</fields>
</customview>
<customview>
<viewname>All</viewname>
<setdefault>false</setdefault>
<setmetrics>false</setmetrics>
<fields>
<field>
<fieldname>modalitapagamento</fieldname>
<columnindex>0</columnindex>
</field>
<field>
<fieldname>pagamento_no</fieldname>
<columnindex>1</columnindex>
</field>
<field>
<fieldname>dettagliopag</fieldname>
<columnindex>2</columnindex>
</field>
<field>
<fieldname>modalita_attiva</fieldname>
<columnindex>3</columnindex>
</field>
</fields>
</customview>
</customviews>
<sharingaccess>
<default>public_readwritedelete</default>
</sharingaccess>
<actions>
<action>
<name><![CDATA[Import]]></name>
<status>enabled</status>
</action>
<action>
<name><![CDATA[Export]]></name>
<status>enabled</status>
</action>
<action>
<name><![CDATA[Merge]]></name>
<status>enabled</status>
</action>
</actions>
<crons>
</crons>
</module>
