<?xml version='1.0'?>
<module>
<exporttime>2015-04-03 11:38:50</exporttime>
<name>EmailCampaigns</name>
<label>EmailCampaigns</label>
<parent>Marketing</parent>
<dependencies>
<vtiger_version>6.1.0</vtiger_version>
</dependencies>
<tables>
<table>
<name>vtiger_emailcampaigns</name>
<sql><![CDATA[CREATE TABLE IF NOT EXISTS `vtiger_emailcampaigns` (
  `emailcampaignsid` int(11) DEFAULT NULL,
  `campaign_name` varchar(255) DEFAULT NULL,
  `from_name` varchar(100) DEFAULT NULL,
  `from_email` varchar(100) DEFAULT NULL,
  `track_opens` varchar(3) DEFAULT NULL,
  `track_clicks` varchar(3) DEFAULT NULL,
  `track_bounces` varchar(3) DEFAULT NULL,
  `track_complaints` varchar(3) DEFAULT NULL,
  `subject` varchar(100) DEFAULT NULL,
  `module_name` varchar(255) DEFAULT NULL,
  `conditions` text,
  `subscribers_list` varchar(255) DEFAULT NULL,
  `reply_to` varchar(255) DEFAULT NULL,
  `batch` int(50) DEFAULT NULL,
  `emailcamp_interval` varchar(255) DEFAULT NULL,
  `related_recorts` text,
  `unsubscribe_option` varchar(3) DEFAULT '0'
 ) ENGINE=InnoDB DEFAULT CHARSET=utf8]]></sql>
</table>
<table>
<name>vtiger_emailcampaigns</name>
<sql><![CDATA[ALTER TABLE `vtiger_emailcampaigns` ADD `parent_emailcampaignsid` VARCHAR( 50 ) CHARACTER SET latin1 COLLATE latin1_swedish_ci NULL AFTER `unsubscribe_option` ;]]></sql>
</table>
<table>
<name>vtiger_emailcampaigns</name>
<sql><![CDATA[ALTER TABLE `vtiger_emailcampaigns` ADD `whopenemail` VARCHAR( 3 ) CHARACTER SET latin1 COLLATE latin1_swedish_ci NULL DEFAULT 0 AFTER `parent_emailcampaignsid` ;]]></sql>
</table>
<table>
<name>vtiger_emailcampaigns</name>
<sql><![CDATA[ALTER TABLE `vtiger_emailcampaigns` ADD `emailclicklink` VARCHAR( 3 ) CHARACTER SET latin1 COLLATE latin1_swedish_ci NULL DEFAULT 0 AFTER `whopenemail` ;]]></sql>
</table>
<table>
<name>vtiger_emailcampaigns</name>
<sql><![CDATA[ALTER TABLE `vtiger_emailcampaigns` ADD `select_option` VARCHAR( 255 ) CHARACTER SET latin1 COLLATE latin1_swedish_ci NULL AFTER `emailclicklink` ;]]></sql>
</table>
<table>
<name>vtiger_emailcampaignscf</name>
<sql><![CDATA[CREATE TABLE `vtiger_emailcampaignscf` (
  `emailcampaignsid` int(11) NOT NULL,
  PRIMARY KEY (`emailcampaignsid`)
) ENGINE=InnoDB DEFAULT CHARSET=utf8]]></sql>
</table>
<table>
<name>vtiger_scheduleemailcampagine</name>
<sql><![CDATA[CREATE TABLE IF NOT EXISTS `vtiger_scheduleemailcampagine` (
  `emailcampaignsid` int(50) NOT NULL,
  `status` int(50) NOT NULL,
  `next_trigger_time` datetime NOT NULL,
  `send_email` int(19) NOT NULL DEFAULT '0'
) ENGINE=InnoDB DEFAULT CHARSET=latin1]]></sql>
</table>
<table>
<name>vtiger_scheduleemailcampagine</name>
<sql><![CDATA[ALTER TABLE `vtiger_scheduleemailcampagine` ADD `batchrecord` INT(40) NOT NULL AFTER `send_email` ENGINE=InnoDB DEFAULT CHARSET=latin1]]></sql>
</table>
<table>
<name>vtiger_link_tracker</name>
<sql><![CDATA[CREATE TABLE IF NOT EXISTS `vtiger_link_tracker` (
  `id` int(19) NOT NULL AUTO_INCREMENT,
  `emailid` varchar(250) DEFAULT '',
  `link` varchar(250) DEFAULT '',
  `url` varchar(250) DEFAULT '',
  `click` int(19) NOT NULL,
  PRIMARY KEY (`id`)
) ENGINE=InnoDB AUTO_INCREMENT=1 DEFAULT CHARSET=latin1]]></sql>
</table>
<table>
<name>vtiger_emailcamp_sendemail</name>
<sql><![CDATA[CREATE TABLE IF NOT EXISTS `vtiger_emailcamp_sendemail` (
  `emailcampaignsid` int(11) NOT NULL,
  `related_id` int(11) NOT NULL,
  `activityid` int(11) NOT NULL
) ENGINE=InnoDB DEFAULT CHARSET=latin1]]></sql>
</table>
<table>
<name>vtiger_emailcampaign_setting</name>
<sql><![CDATA[CREATE TABLE IF NOT EXISTS `vtiger_emailcampaign_setting` (
  `id` int(10) NOT NULL AUTO_INCREMENT,
  `batch` int(10) DEFAULT NULL,
  PRIMARY KEY (`id`)
) ENGINE=InnoDB DEFAULT CHARSET=latin1]]></sql>
</table>
<table>
<name>vtiger_emailcampaign_setting</name>
<sql><![CDATA[INSERT IGNORE INTO `vtiger_emailcampaign_setting` (`id`, `batch`) VALUES (1, '200');]]></sql>
</table>
</tables>
<blocks>
<block>
<label>Campaign Details</label>
<fields>
<field>
<fieldname>campaign_name</fieldname>
<uitype>2</uitype>
<columnname>campaign_name</columnname>
<tablename>vtiger_emailcampaigns</tablename>
<generatedtype>1</generatedtype>
<fieldlabel>Campaign Name</fieldlabel>
<readonly>1</readonly>
<presence>2</presence>
<defaultvalue></defaultvalue>
<sequence>1</sequence>
<maximumlength>100</maximumlength>
<typeofdata>V~M</typeofdata>
<quickcreate>1</quickcreate>
<quickcreatesequence></quickcreatesequence>
<displaytype>1</displaytype>
<info_type>BAS</info_type>
<helpinfo><![CDATA[]]></helpinfo>
<masseditable>1</masseditable>
<summaryfield>0</summaryfield>
<entityidentifier>
<entityidfield>emailcampaignsid</entityidfield>
<entityidcolumn>emailcampaignsid</entityidcolumn>
</entityidentifier>
</field>
<field>
<fieldname>assigned_user_id</fieldname>
<uitype>53</uitype>
<columnname>smownerid</columnname>
<tablename>vtiger_crmentity</tablename>
<generatedtype>1</generatedtype>
<fieldlabel>Assigned To</fieldlabel>
<readonly>1</readonly>
<presence>2</presence>
<defaultvalue></defaultvalue>
<sequence>2</sequence>
<maximumlength>100</maximumlength>
<typeofdata>V~M</typeofdata>
<quickcreate>1</quickcreate>
<quickcreatesequence></quickcreatesequence>
<displaytype>1</displaytype>
<info_type>BAS</info_type>
<helpinfo><![CDATA[]]></helpinfo>
<masseditable>1</masseditable>
<summaryfield>0</summaryfield>
</field>
<field>
<fieldname>from_name</fieldname>
<uitype>2</uitype>
<columnname>from_name</columnname>
<tablename>vtiger_emailcampaigns</tablename>
<generatedtype>1</generatedtype>
<fieldlabel>From Name</fieldlabel>
<readonly>1</readonly>
<presence>2</presence>
<defaultvalue></defaultvalue>
<sequence>3</sequence>
<maximumlength>100</maximumlength>
<typeofdata>V~M</typeofdata>
<quickcreate>1</quickcreate>
<quickcreatesequence></quickcreatesequence>
<displaytype>1</displaytype>
<info_type>BAS</info_type>
<helpinfo><![CDATA[]]></helpinfo>
<masseditable>1</masseditable>
<summaryfield>0</summaryfield>
</field>
<field>
<fieldname>from_email</fieldname>
<uitype>13</uitype>
<columnname>from_email</columnname>
<tablename>vtiger_emailcampaigns</tablename>
<generatedtype>1</generatedtype>
<fieldlabel>From Email</fieldlabel>
<readonly>1</readonly>
<presence>2</presence>
<defaultvalue></defaultvalue>
<sequence>4</sequence>
<maximumlength>100</maximumlength>
<typeofdata>E~M</typeofdata>
<quickcreate>1</quickcreate>
<quickcreatesequence></quickcreatesequence>
<displaytype>1</displaytype>
<info_type>BAS</info_type>
<helpinfo><![CDATA[]]></helpinfo>
<masseditable>1</masseditable>
<summaryfield>0</summaryfield>
</field>
<field>
<fieldname>createdtime</fieldname>
<uitype>70</uitype>
<columnname>createdtime</columnname>
<tablename>vtiger_crmentity</tablename>
<generatedtype>1</generatedtype>
<fieldlabel>Created Time</fieldlabel>
<readonly>1</readonly>
<presence>2</presence>
<defaultvalue></defaultvalue>
<sequence>5</sequence>
<maximumlength>100</maximumlength>
<typeofdata>T~O</typeofdata>
<quickcreate>1</quickcreate>
<quickcreatesequence></quickcreatesequence>
<displaytype>2</displaytype>
<info_type>BAS</info_type>
<helpinfo><![CDATA[]]></helpinfo>
<masseditable>1</masseditable>
<summaryfield>0</summaryfield>
</field>
<field>
<fieldname>modifiedtime</fieldname>
<uitype>70</uitype>
<columnname>modifiedtime</columnname>
<tablename>vtiger_crmentity</tablename>
<generatedtype>1</generatedtype>
<fieldlabel>Modified Time</fieldlabel>
<readonly>1</readonly>
<presence>2</presence>
<defaultvalue></defaultvalue>
<sequence>6</sequence>
<maximumlength>100</maximumlength>
<typeofdata>T~O</typeofdata>
<quickcreate>1</quickcreate>
<quickcreatesequence></quickcreatesequence>
<displaytype>2</displaytype>
<info_type>BAS</info_type>
<helpinfo><![CDATA[]]></helpinfo>
<masseditable>1</masseditable>
<summaryfield>0</summaryfield>
</field>
<field>
<fieldname>reply_to</fieldname>
<uitype>13</uitype>
<columnname>reply_to</columnname>
<tablename>vtiger_emailcampaigns</tablename>
<generatedtype>1</generatedtype>
<fieldlabel>Reply To</fieldlabel>
<readonly>1</readonly>
<presence>2</presence>
<defaultvalue></defaultvalue>
<sequence>7</sequence>
<maximumlength>100</maximumlength>
<typeofdata>E~M</typeofdata>
<quickcreate>1</quickcreate>
<quickcreatesequence></quickcreatesequence>
<displaytype>1</displaytype>
<info_type>BAS</info_type>
<helpinfo><![CDATA[]]></helpinfo>
<masseditable>1</masseditable>
<summaryfield>0</summaryfield>
</field>
<field>
<fieldname>unsubscribe_option</fieldname>
<uitype>56</uitype>
<columnname>unsubscribe_option</columnname>
<tablename>vtiger_emailcampaigns</tablename>
<generatedtype>1</generatedtype>
<fieldlabel>Unsubscribe option</fieldlabel>
<readonly>1</readonly>
<presence>2</presence>
<defaultvalue></defaultvalue>
<sequence>8</sequence>
<maximumlength>100</maximumlength>
<typeofdata>C~O</typeofdata>
<quickcreate>1</quickcreate>
<quickcreatesequence></quickcreatesequence>
<displaytype>1</displaytype>
<info_type>BAS</info_type>
<helpinfo><![CDATA[]]></helpinfo>
<masseditable>1</masseditable>
<summaryfield>0</summaryfield>
</field>
</fields>
</block>
<block>
<label>Email Tracking</label>
<fields>
<field>
<fieldname>batch</fieldname>
<uitype>1</uitype>
<columnname>batch</columnname>
<tablename>vtiger_emailcampaigns</tablename>
<generatedtype>1</generatedtype>
<fieldlabel>Batch</fieldlabel>
<readonly>1</readonly>
<presence>2</presence>
<defaultvalue></defaultvalue>
<sequence>5</sequence>
<maximumlength>100</maximumlength>
<typeofdata>N~M</typeofdata>
<quickcreate>2</quickcreate>
<quickcreatesequence></quickcreatesequence>
<displaytype>3</displaytype>
<info_type>BAS</info_type>
<helpinfo><![CDATA[]]></helpinfo>
<masseditable>1</masseditable>
<summaryfield>0</summaryfield>
</field>
<field>
<fieldname>emailcamp_interval</fieldname>
<uitype>2</uitype>
<columnname>emailcamp_interval</columnname>
<tablename>vtiger_emailcampaigns</tablename>
<generatedtype>1</generatedtype>
<fieldlabel>Interval(Mins)</fieldlabel>
<readonly>1</readonly>
<presence>2</presence>
<defaultvalue></defaultvalue>
<sequence>6</sequence>
<maximumlength>100</maximumlength>
<typeofdata>V~O</typeofdata>
<quickcreate>1</quickcreate>
<quickcreatesequence></quickcreatesequence>
<displaytype>3</displaytype>
<info_type>BAS</info_type>
<helpinfo><![CDATA[]]></helpinfo>
<masseditable>1</masseditable>
<summaryfield>0</summaryfield>
</field>
</fields>
</block>
<block>
<label>Email Template</label>
<fields>
<field>
<fieldname>subject</fieldname>
<uitype>2</uitype>
<columnname>subject</columnname>
<tablename>vtiger_emailcampaigns</tablename>
<generatedtype>1</generatedtype>
<fieldlabel>Email Subject</fieldlabel>
<readonly>1</readonly>
<presence>2</presence>
<defaultvalue></defaultvalue>
<sequence>1</sequence>
<maximumlength>100</maximumlength>
<typeofdata>V~M</typeofdata>
<quickcreate>1</quickcreate>
<quickcreatesequence></quickcreatesequence>
<displaytype>1</displaytype>
<info_type>BAS</info_type>
<helpinfo><![CDATA[]]></helpinfo>
<masseditable>1</masseditable>
<summaryfield>0</summaryfield>
</field>
<field>
<fieldname>description</fieldname>
<uitype>19</uitype>
<columnname>description</columnname>
<tablename>vtiger_crmentity</tablename>
<generatedtype>1</generatedtype>
<fieldlabel>Description</fieldlabel>
<readonly>1</readonly>
<presence>2</presence>
<defaultvalue></defaultvalue>
<sequence>2</sequence>
<maximumlength>100</maximumlength>
<typeofdata>V~O</typeofdata>
<quickcreate>1</quickcreate>
<quickcreatesequence></quickcreatesequence>
<displaytype>1</displaytype>
<info_type>BAS</info_type>
<helpinfo><![CDATA[]]></helpinfo>
<masseditable>1</masseditable>
<summaryfield>0</summaryfield>
</field>
</fields>
</block>
<block>
<label>List Information</label>
<fields>
<field>
<fieldname>module_name</fieldname>
<uitype>2</uitype>
<columnname>module_name</columnname>
<tablename>vtiger_emailcampaigns</tablename>
<generatedtype>1</generatedtype>
<fieldlabel>Module Name</fieldlabel>
<readonly>1</readonly>
<presence>2</presence>
<defaultvalue></defaultvalue>
<sequence>2</sequence>
<maximumlength>100</maximumlength>
<typeofdata>V~O</typeofdata>
<quickcreate>1</quickcreate>
<quickcreatesequence></quickcreatesequence>
<displaytype>1</displaytype>
<info_type>BAS</info_type>
<helpinfo><![CDATA[]]></helpinfo>
<masseditable>1</masseditable>
<summaryfield>0</summaryfield>
</field>
<field>
<fieldname>conditions</fieldname>
<uitype>19</uitype>
<columnname>conditions</columnname>
<tablename>vtiger_emailcampaigns</tablename>
<generatedtype>1</generatedtype>
<fieldlabel>conditions</fieldlabel>
<readonly>1</readonly>
<presence>2</presence>
<defaultvalue></defaultvalue>
<sequence>3</sequence>
<maximumlength>100</maximumlength>
<typeofdata>V~O</typeofdata>
<quickcreate>1</quickcreate>
<quickcreatesequence></quickcreatesequence>
<displaytype>1</displaytype>
<info_type>BAS</info_type>
<helpinfo><![CDATA[]]></helpinfo>
<masseditable>1</masseditable>
<summaryfield>0</summaryfield>
</field>
<field>
<fieldname>parent_emailcampaignsid</fieldname>
<uitype>10</uitype>
<columnname>parent_emailcampaignsid</columnname>
<tablename>vtiger_emailcampaigns</tablename>
<generatedtype>1</generatedtype>
<fieldlabel>Email Campaign</fieldlabel>
<readonly>1</readonly>
<presence>2</presence>
<defaultvalue></defaultvalue>
<sequence>3</sequence>
<maximumlength>100</maximumlength>
<typeofdata>V~M</typeofdata>
<quickcreate>1</quickcreate>
<quickcreatesequence></quickcreatesequence>
<displaytype>1</displaytype>
<info_type>BAS</info_type>
<helpinfo><![CDATA[]]></helpinfo>
<masseditable>1</masseditable>
<summaryfield>0</summaryfield>
<relatedmodules>
<relatedmodule>EmailCampaigns</relatedmodule>
</relatedmodules>
</field>  
<field>
<fieldname>whopenemail</fieldname>
<uitype>56</uitype>
<columnname>whopenemail</columnname>
<tablename>vtiger_emailcampaigns</tablename>
<generatedtype>1</generatedtype>
<fieldlabel>LBL_SEND_SUBSCRIBER_OPEN_EMAIL</fieldlabel>
<readonly>1</readonly>
<presence>2</presence>
<defaultvalue></defaultvalue>
<sequence>5</sequence>
<maximumlength>100</maximumlength>
<typeofdata>C~O</typeofdata>
<quickcreate>1</quickcreate>
<quickcreatesequence></quickcreatesequence>
<displaytype>1</displaytype>
<info_type>BAS</info_type>
<helpinfo><![CDATA[]]></helpinfo>
<masseditable>1</masseditable>
<summaryfield>0</summaryfield>
</field>
<field>
<fieldname>emailclicklink</fieldname>
<uitype>56</uitype>
<columnname>emailclicklink</columnname>
<tablename>vtiger_emailcampaigns</tablename>
<generatedtype>1</generatedtype>
<fieldlabel>LBL_SEND_SUBSCRIBER_EMAIL_LINK_CLICK</fieldlabel>
<readonly>1</readonly>
<presence>2</presence>
<defaultvalue></defaultvalue>
<sequence>4</sequence>
<maximumlength>100</maximumlength>
<typeofdata>C~O</typeofdata>
<quickcreate>1</quickcreate>
<quickcreatesequence></quickcreatesequence>
<displaytype>1</displaytype>
<info_type>BAS</info_type>
<helpinfo><![CDATA[]]></helpinfo>
<masseditable>1</masseditable>
<summaryfield>0</summaryfield>
</field>
<field>
<fieldname>select_option</fieldname>
<uitype>15</uitype>
<columnname>select_option</columnname>
<tablename>vtiger_emailcampaigns</tablename>
<generatedtype>1</generatedtype>
<fieldlabel>Select Option</fieldlabel>
<readonly>1</readonly>
<presence>2</presence>
<defaultvalue>Select a list</defaultvalue>
<sequence>1</sequence>
<maximumlength>100</maximumlength>
<typeofdata>V~O</typeofdata>
<quickcreate>1</quickcreate>
<quickcreatesequence></quickcreatesequence>
<displaytype>1</displaytype>
<info_type>BAS</info_type>
<helpinfo><![CDATA[]]></helpinfo>
<masseditable>1</masseditable>
<summaryfield>0</summaryfield>
<picklistvalues>
<picklistvalue>Select a list</picklistvalue>
<picklistvalue>Start from past campaign</picklistvalue>
</picklistvalues>
</field>
<field>
<fieldname>subscribers_list</fieldname>
<uitype>10</uitype>
<columnname>subscribers_list</columnname>
<tablename>vtiger_emailcampaigns</tablename>
<generatedtype>1</generatedtype>
<fieldlabel>Subscribers List</fieldlabel>
<readonly>1</readonly>
<presence>2</presence>
<defaultvalue></defaultvalue>
<sequence>4</sequence>
<maximumlength>100</maximumlength>
<typeofdata>V~M</typeofdata>
<quickcreate>1</quickcreate>
<quickcreatesequence></quickcreatesequence>
<displaytype>1</displaytype>
<info_type>BAS</info_type>
<helpinfo><![CDATA[]]></helpinfo>
<masseditable>1</masseditable>
<summaryfield>0</summaryfield>
<relatedmodules>
<relatedmodule>SubscribersList</relatedmodule>
</relatedmodules>
</field>
<field>
<fieldname>related_recorts</fieldname>
<uitype>19</uitype>
<columnname>related_recorts</columnname>
<tablename>vtiger_emailcampaigns</tablename>
<generatedtype>1</generatedtype>
<fieldlabel>Related Recorts</fieldlabel>
<readonly>1</readonly>
<presence>2</presence>
<defaultvalue></defaultvalue>
<sequence>5</sequence>
<maximumlength>100</maximumlength>
<typeofdata>V~O</typeofdata>
<quickcreate>1</quickcreate>
<quickcreatesequence></quickcreatesequence>
<displaytype>1</displaytype>
<info_type>BAS</info_type>
<helpinfo><![CDATA[]]></helpinfo>
<masseditable>1</masseditable>
<summaryfield>0</summaryfield>
</field>
</fields>
</block>
<block>
<label>Schedule Reports</label>
</block>
</blocks>
<customviews>
<customview>
<viewname>All</viewname>
<setdefault>true</setdefault>
<setmetrics>false</setmetrics>
<fields>
<field>
<fieldname>campaign_name</fieldname>
<columnindex>1</columnindex>
</field>
<field>
<fieldname>assigned_user_id</fieldname>
<columnindex>2</columnindex>
</field>
<field>
<fieldname>from_name</fieldname>
<columnindex>3</columnindex>
</field>
<field>
<fieldname>createdtime</fieldname>
<columnindex>4</columnindex>
</field>
</fields>
</customview>
<customview>
<viewname>test</viewname>
<setdefault>false</setdefault>
<setmetrics>false</setmetrics>
<fields>
<field>
<fieldname>campaign_name</fieldname>
<columnindex>0</columnindex>
</field>
<field>
<fieldname>assigned_user_id</fieldname>
<columnindex>1</columnindex>
</field>
<field>
<fieldname>from_name</fieldname>
<columnindex>2</columnindex>
</field>
<field>
<fieldname>from_email</fieldname>
<columnindex>3</columnindex>
</field>
<field>
<fieldname>createdtime</fieldname>
<columnindex>4</columnindex>
</field>
<field>
<fieldname>modifiedtime</fieldname>
<columnindex>5</columnindex>
</field>
<field>
<fieldname>reply_to</fieldname>
<columnindex>6</columnindex>
</field>
<field>
<fieldname>subject</fieldname>
<columnindex>7</columnindex>
</field>
</fields>
</customview>
</customviews>
<sharingaccess>
<default>private</default>
</sharingaccess>
<actions>
<action>
<name><![CDATA[Import]]></name>
<status>enabled</status>
</action>
<action>
<name><![CDATA[Export]]></name>
<status>enabled</status>
</action>
<action>
<name><![CDATA[Merge]]></name>
<status>enabled</status>
</action>
</actions>
<relatedlists>
<relatedlist>
<function>get_emaillist_account</function>
<label>Accounts</label>
<sequence>1</sequence>
<presence>0</presence>
<actions>
<action>ADD</action>
</actions>
<relatedmodule>Accounts</relatedmodule>
</relatedlist>
<relatedlist>
<function>get_emaillist_contact</function>
<label>Contacts</label>
<sequence>2</sequence>
<presence>0</presence>
<actions>
<action>ADD</action>
</actions>
<relatedmodule>Contacts</relatedmodule>
</relatedlist>
<relatedlist>
<function>get_emaillist_leads</function>
<label>Leads</label>
<sequence>3</sequence>
<presence>0</presence>
<actions>
<action>ADD</action>
</actions>
<relatedmodule>Leads</relatedmodule>
</relatedlist>
<relatedlist>
<function>get_emails</function>
<label>emails</label>
<sequence>4</sequence>
<presence>0</presence>
<actions>
<action>ADD</action>
</actions>
<relatedmodule>Emails</relatedmodule>
</relatedlist>
<relatedlist>
<function>get_report</function>
<label>Report</label>
<sequence>5</sequence>
<presence>0</presence>
<actions>
<action>ADD</action>
</actions>
<relatedmodule>Leads</relatedmodule>
</relatedlist>
</relatedlists>
<crons>
<cron>
<name>ScheduleEmailCampaign</name>
<frequency>60</frequency>
<status>1</status>
<handler>cron/modules/EmailCampaigns/ScheduleEmailCampaigns.service</handler>
<sequence>9</sequence>
<description>Recommended frequency for Scheduling is 1 min</description>
</cron>
</crons>
</module>
