<?xml version='1.0'?>
<schema>
	<tables>
		<table>
			<name>vtiger_emailcampaigns</name>
			<sql><![CDATA[CREATE TABLE IF NOT EXISTS `vtiger_emailcampaigns` (
  `emailcampaignsid` int(11) DEFAULT NULL,
  `campaign_name` varchar(255) DEFAULT NULL,
  `from_name` varchar(100) DEFAULT NULL,
  `from_email` varchar(100) DEFAULT NULL,
  `track_opens` varchar(3) DEFAULT NULL,
  `track_clicks` varchar(3) DEFAULT NULL,
  `track_bounces` varchar(3) DEFAULT NULL,
  `track_complaints` varchar(3) DEFAULT NULL,
  `subject` varchar(100) DEFAULT NULL,
  `module_name` varchar(255) DEFAULT NULL,
  `conditions` text,
  `subscribers_list` varchar(255) DEFAULT NULL,
  `reply_to` varchar(255) DEFAULT NULL,
  `batch` int(50) DEFAULT NULL,
  `emailcamp_interval` varchar(255) DEFAULT NULL,
  `related_recorts` text
) ENGINE=InnoDB DEFAULT CHARSET=utf8]]></sql>
		</table>
		<table>
			<name>vtiger_emailcampaignscf</name>
			<sql><![CDATA[CREATE TABLE IF NOT EXISTS `vtiger_emailcampaignscf` (
  `emailcampaignsid` int(11) NOT NULL,
  PRIMARY KEY (`emailcampaignsid`)
) ENGINE=InnoDB DEFAULT CHARSET=utf8]]></sql>
		</table>
		<table>
			<name>vtiger_scheduleemailcampagine</name>
			<sql><![CDATA[CREATE TABLE IF NOT EXISTS `vtiger_scheduleemailcampagine` (
  `emailcampaignsid` int(50) NOT NULL,
  `status` int(50) NOT NULL,
  `next_trigger_time` datetime NOT NULL,
  `send_email` int(19) NOT NULL DEFAULT '0'
) ENGINE=InnoDB DEFAULT CHARSET=latin1]]></sql>
		</table>
		<table>
			<name>vtiger_link_tracker</name>
			<sql><![CDATA[CREATE TABLE `vtiger_link_tracker` (
  `id` int(19) NOT NULL AUTO_INCREMENT,
  `emailid` varchar(250) DEFAULT '',
  `link` varchar(250) DEFAULT '',
  `url` varchar(250) DEFAULT '',
  `click` int(19) NOT NULL,
  PRIMARY KEY (`id`)
) ENGINE=InnoDB AUTO_INCREMENT=199 DEFAULT CHARSET=latin1]]></sql>
		</table>
		<table>
			<name>vtiger_emailcamp_sendemail</name>
			<sql><![CDATA[CREATE TABLE IF NOT EXISTS `vtiger_emailcamp_sendemail` (
  `emailcampaignsid` int(11) NOT NULL,
  `related_id` int(11) NOT NULL,
  `activityid` int(11) NOT NULL
) ENGINE=InnoDB DEFAULT CHARSET=latin1]]></sql>
		</table>
		<table>
			<name>vtiger_leaddetails</name>
			<sql><![CDATA[ALTER TABLE `vtiger_leaddetails` ADD `emailcampaign_optout` VARCHAR( 3 ) CHARACTER SET latin1 COLLATE latin1_swedish_ci NULL DEFAULT 0 AFTER `emailoptout` ;]]></sql>
		</table>
		<table>
			<name>vtiger_contactdetails</name>
			<sql><![CDATA[ALTER TABLE `vtiger_contactdetails` ADD `emailcampaign_optout` VARCHAR( 3 ) CHARACTER SET latin1 COLLATE latin1_swedish_ci NULL DEFAULT 0 AFTER `emailoptout` ;]]></sql>
		</table>
		<table>
			<name>vtiger_account</name>
			<sql><![CDATA[ALTER TABLE `vtiger_account` ADD `emailcampaign_optout` VARCHAR( 3 ) CHARACTER SET latin1 COLLATE latin1_swedish_ci NULL DEFAULT 0 AFTER `emailoptout` ;]]></sql>
		</table>
		<table>
			<name>vtiger_field</name>
			<sql><![CDATA[INSERT INTO `vtiger_field` (`tabid`, `fieldid`, `columnname`, `tablename`, `generatedtype`, `uitype`, `fieldname`, `fieldlabel`, `readonly`, `presence`, `defaultvalue`, `maximumlength`, `sequence`, `block`, `displaytype`, `typeofdata`, `quickcreate`, `quickcreatesequence`, `info_type`, `masseditable`, `helpinfo`, `summaryfield`) 
VALUES ('7', (SELECT `id` +1 FROM `vtiger_field_seq`), 'emailcampaign_optout', 'vtiger_leaddetails', '1', '56', 'emailcampaign_optout', 'Email Campaign Opt Out', '1', '0', '0', '10', (SELECT max(vtfld.sequence)+1 FROM `vtiger_field` as vtfld WHERE vtfld.tablename = 'vtiger_leaddetails' and vtfld.block = (SELECT blockid FROM `vtiger_blocks` WHERE blocklabel = 'LBL_LEAD_INFORMATION')), (SELECT `blockid` FROM `vtiger_blocks` WHERE blocklabel = 'LBL_LEAD_INFORMATION'), '1', 'C~O', '3', NULL, 'BAS', '0', NULL, '0');]]></sql>
		</table>
		<table>
			<name>vtiger_field</name>
			<sql><![CDATA[INSERT INTO `vtiger_field` (`tabid`, `fieldid`, `columnname`, `tablename`, `generatedtype`, `uitype`, `fieldname`, `fieldlabel`, `readonly`, `presence`, `defaultvalue`, `maximumlength`, `sequence`, `block`, `displaytype`, `typeofdata`, `quickcreate`, `quickcreatesequence`, `info_type`, `masseditable`, `helpinfo`, `summaryfield`) 
VALUES ('4', (SELECT `id` +2 FROM `vtiger_field_seq`), 'emailcampaign_optout', 'vtiger_contactdetails', '1', '56', 'emailcampaign_optout', 'Email Campaign Opt Out', '1', '0', '0', '10', (SELECT max(vtfld.sequence)+1 FROM `vtiger_field` as vtfld WHERE vtfld.tablename = 'vtiger_contactdetails' and vtfld.block = (SELECT blockid FROM `vtiger_blocks` WHERE blocklabel = 'LBL_CONTACT_INFORMATION')), (SELECT `blockid` FROM `vtiger_blocks` WHERE blocklabel = 'LBL_CONTACT_INFORMATION'), '1', 'C~O', '3', NULL, 'BAS', '0', NULL, '0');]]></sql>
		</table>
		<table>
			<name>vtiger_field</name>
			<sql><![CDATA[INSERT INTO `vtiger_field` (`tabid`, `fieldid`, `columnname`, `tablename`, `generatedtype`, `uitype`, `fieldname`, `fieldlabel`, `readonly`, `presence`, `defaultvalue`, `maximumlength`, `sequence`, `block`, `displaytype`, `typeofdata`, `quickcreate`, `quickcreatesequence`, `info_type`, `masseditable`, `helpinfo`, `summaryfield`) 
VALUES ('6', (SELECT `id` +3 FROM `vtiger_field_seq`), 'emailcampaign_optout', 'vtiger_account', '1', '56', 'emailcampaign_optout', 'Email Campaign Opt Out', '1', '0', '0', '10', (SELECT max(vtfld.sequence)+1 FROM `vtiger_field` as vtfld WHERE vtfld.tablename = 'vtiger_account' and vtfld.block = (SELECT blockid FROM `vtiger_blocks` WHERE blocklabel = 'LBL_ACCOUNT_INFORMATION')), (SELECT `blockid` FROM `vtiger_blocks` WHERE blocklabel = 'LBL_ACCOUNT_INFORMATION'), '1', 'C~O', '3', NULL, 'BAS', '0', NULL, '0');]]></sql>
		</table>
		<table>
			<name>vtiger_field_seq</name>
			<sql><![CDATA[UPDATE `vtiger_field_seq` SET `id` = id+3;]]></sql>
		</table>
	</tables>
</schema>
