<?xml version='1.0'?>
<module>
<name>Ddt</name>
<label>Ddt</label>
<parent>Sales</parent>
    <version>1.1</version>
<dependencies>
	<vtiger_version>6.0.0</vtiger_version>
        <vtiger_max_version>6.*</vtiger_max_version>
</dependencies>
   <license>
        <inline><![CDATA[
  **************************************************************************************
 *  Module              : DDT module
 *  Version             : 1.1.0
 *  Vtiger              : 6.0.0
 *  Author              : Opencrmitalia - www.opencrmitalia.com | GreenCRM - www.greencrm.it
 *  Supported browsers  : Internet Explorer 7 or higher, Mozilla Firefox 3.0 or higher
 ***************************************************************************************

 LICENSE

 This irrevocable, perpetual license covers all versions 1.xx of DDT module.

 This license gives the holder right to install DDT module on ONE productive vtiger CRM 
 installation and ONE develop vtiger CRM installation for unlimeted users.

 The license holder is allowed to make modifications to the DDT module sources but in no
 event will the original copyright holders of this library be held responsible for action
 or actions resulting from any modifications of the source.

 The license holder is not required to publicize or otherwise make available any software
 used in conjunction with DDT module.

 The license holder may not re-distribute the library on it's own or versions thereof
 to third party without prior written permission of the copyright holder.

 DDT module License does not allow the library to be redistributed as part of another
 product.

 The license may be transferred to another vtiger CRM instalation only with prior
 written permission.

 The wording of this license may change without notice for future versions of DDT module.

 ]]></inline>
    </license>
<tables>
<table>
<name>green_ddt</name>
<sql><![CDATA[CREATE TABLE `green_ddt` (
  `ddtid` int(11) DEFAULT NULL,
  `subject` varchar(255) DEFAULT NULL,
  `ddt_no` varchar(100) DEFAULT NULL,
  `potential_id` varchar(100) DEFAULT NULL,
  `ddtddtstage` varchar(100) DEFAULT NULL,
  `datadoc` date DEFAULT NULL,
  `contactid` varchar(255) DEFAULT NULL,
  `trasporto` varchar(100) DEFAULT NULL,
  `dataritiro` date DEFAULT NULL,
  `vettore` varchar(255) DEFAULT NULL,
  `subtotal` decimal(25,8) DEFAULT NULL,
  `shipping` varchar(255) DEFAULT NULL,
  `inventorymanager` varchar(100) DEFAULT NULL,
  `adjustment` decimal(25,8) DEFAULT NULL,
  `total` decimal(25,8) DEFAULT NULL,
  `taxtype` varchar(100) DEFAULT NULL,
  `s_h_amount` decimal(25,8) DEFAULT NULL,
  `accountid` varchar(255) DEFAULT NULL,
  `currency_id` varchar(255) DEFAULT NULL,
  `conversion_rate` varchar(255) DEFAULT NULL,
  `bill_street` varchar(255) DEFAULT NULL,
  `ship_street` varchar(255) DEFAULT NULL,
  `bill_city` varchar(255) DEFAULT NULL,
  `ship_city` varchar(255) DEFAULT NULL,
  `bill_state` varchar(255) DEFAULT NULL,
  `ship_state` varchar(255) DEFAULT NULL,
  `bill_code` varchar(255) DEFAULT NULL,
  `ship_code` varchar(255) DEFAULT NULL,
  `bill_country` varchar(255) DEFAULT NULL,
  `ship_country` varchar(255) DEFAULT NULL,
  `bill_pobox` varchar(255) DEFAULT NULL,
  `ship_pobox` varchar(255) DEFAULT NULL,
  `terms_conditions` varchar(255) DEFAULT NULL,
  `pre_tax_total` decimal(25,8) DEFAULT NULL,
  `s_h_percent` varchar(100) DEFAULT NULL,
  `discount_percent` varchar(255) DEFAULT NULL,
  `discount_amount` varchar(255) DEFAULT NULL,
  `ddt_hour` varchar(50) DEFAULT NULL
) ENGINE=InnoDB DEFAULT CHARSET=utf8]]></sql>
</table>
<table>
<name>green_ddtcf</name>
<sql><![CDATA[CREATE TABLE `green_ddtcf` (
  `ddtid` int(11) NOT NULL,
  PRIMARY KEY (`ddtid`)
) ENGINE=InnoDB DEFAULT CHARSET=utf8]]></sql>
</table>
</tables>
<blocks>
<block>
<label>LBL_DDT_INFORMATION</label>
<fields>
<field>
<fieldname>subject</fieldname>
<uitype>2</uitype>
<columnname>subject</columnname>
<tablename>green_ddt</tablename>
<generatedtype>1</generatedtype>
<fieldlabel>Soggetto</fieldlabel>
<readonly>1</readonly>
<presence>2</presence>
<defaultvalue></defaultvalue>
<sequence>1</sequence>
<maximumlength>100</maximumlength>
<typeofdata>V~M</typeofdata>
<quickcreate>1</quickcreate>
<quickcreatesequence></quickcreatesequence>
<displaytype>1</displaytype>
<info_type>BAS</info_type>
<helpinfo><![CDATA[]]></helpinfo>
<masseditable>1</masseditable>
<summaryfield>1</summaryfield>
<entityidentifier>
<entityidfield>ddtid</entityidfield>
<entityidcolumn>ddtid</entityidcolumn>
</entityidentifier>
</field>
<field>
<fieldname>assigned_user_id</fieldname>
<uitype>53</uitype>
<columnname>smownerid</columnname>
<tablename>vtiger_crmentity</tablename>
<generatedtype>1</generatedtype>
<fieldlabel>Assigned To</fieldlabel>
<readonly>1</readonly>
<presence>2</presence>
<defaultvalue></defaultvalue>
<sequence>2</sequence>
<maximumlength>100</maximumlength>
<typeofdata>V~M</typeofdata>
<quickcreate>1</quickcreate>
<quickcreatesequence></quickcreatesequence>
<displaytype>1</displaytype>
<info_type>BAS</info_type>
<helpinfo><![CDATA[]]></helpinfo>
<masseditable>1</masseditable>
</field>
<field>
<fieldname>createdtime</fieldname>
<uitype>70</uitype>
<columnname>createdtime</columnname>
<tablename>vtiger_crmentity</tablename>
<generatedtype>1</generatedtype>
<fieldlabel>Created Time</fieldlabel>
<readonly>1</readonly>
<presence>2</presence>
<defaultvalue></defaultvalue>
<sequence>3</sequence>
<maximumlength>100</maximumlength>
<typeofdata>T~O</typeofdata>
<quickcreate>1</quickcreate>
<quickcreatesequence></quickcreatesequence>
<displaytype>2</displaytype>
<info_type>BAS</info_type>
<helpinfo><![CDATA[]]></helpinfo>
<masseditable>1</masseditable>
</field>
<field>
<fieldname>modifiedtime</fieldname>
<uitype>70</uitype>
<columnname>modifiedtime</columnname>
<tablename>vtiger_crmentity</tablename>
<generatedtype>1</generatedtype>
<fieldlabel>Modified Time</fieldlabel>
<readonly>1</readonly>
<presence>2</presence>
<defaultvalue></defaultvalue>
<sequence>4</sequence>
<maximumlength>100</maximumlength>
<typeofdata>T~O</typeofdata>
<quickcreate>1</quickcreate>
<quickcreatesequence></quickcreatesequence>
<displaytype>2</displaytype>
<info_type>BAS</info_type>
<helpinfo><![CDATA[]]></helpinfo>
<masseditable>1</masseditable>
</field>
<field>
<fieldname>modifiedby</fieldname>
<uitype>52</uitype>
<columnname>modifiedby</columnname>
<tablename>vtiger_crmentity</tablename>
<generatedtype>1</generatedtype>
<fieldlabel>Last Modified By</fieldlabel>
<readonly>1</readonly>
<presence>2</presence>
<defaultvalue></defaultvalue>
<sequence>5</sequence>
<maximumlength>100</maximumlength>
<typeofdata>V~O</typeofdata>
<quickcreate>1</quickcreate>
<quickcreatesequence></quickcreatesequence>
<displaytype>3</displaytype>
<info_type>BAS</info_type>
<helpinfo><![CDATA[]]></helpinfo>
<masseditable>1</masseditable>
</field>
<field>
<fieldname>ddt_no</fieldname>
<uitype>4</uitype>
<columnname>ddt_no</columnname>
<tablename>green_ddt</tablename>
<generatedtype>1</generatedtype>
<fieldlabel>ddt No</fieldlabel>
<readonly>1</readonly>
<presence>2</presence>
<defaultvalue></defaultvalue>
<sequence>6</sequence>
<maximumlength>100</maximumlength>
<typeofdata>V~O</typeofdata>
<quickcreate>1</quickcreate>
<quickcreatesequence></quickcreatesequence>
<displaytype>1</displaytype>
<info_type>BAS</info_type>
<helpinfo><![CDATA[]]></helpinfo>
<masseditable>1</masseditable>
<summaryfield>0</summaryfield>
</field>
<field>
<fieldname>potentialid</fieldname>
<uitype>76</uitype>
<columnname>potential_id</columnname>
<tablename>green_ddt</tablename>
<generatedtype>1</generatedtype>
<fieldlabel>Potential Name</fieldlabel>
<readonly>1</readonly>
<presence>2</presence>
<defaultvalue></defaultvalue>
<sequence>7</sequence>
<maximumlength>100</maximumlength>
<typeofdata>I~O</typeofdata>
<quickcreate>1</quickcreate>
<quickcreatesequence></quickcreatesequence>
<displaytype>1</displaytype>
<info_type>BAS</info_type>
<helpinfo><![CDATA[]]></helpinfo>
<masseditable>1</masseditable>
<summaryfield>0</summaryfield>
</field>
<field>
<fieldname>ddtstage</fieldname>
<uitype>15</uitype>
<columnname>ddtddtstage</columnname>
<tablename>green_ddt</tablename>
<generatedtype>1</generatedtype>
<fieldlabel>Stato documento</fieldlabel>
<readonly>1</readonly>
<presence>2</presence>
<defaultvalue></defaultvalue>
<sequence>8</sequence>
<maximumlength>100</maximumlength>
<typeofdata>V~M</typeofdata>
<quickcreate>1</quickcreate>
<quickcreatesequence></quickcreatesequence>
<displaytype>1</displaytype>
<info_type>BAS</info_type>
<helpinfo><![CDATA[]]></helpinfo>
<masseditable>1</masseditable>
<summaryfield>0</summaryfield>
<picklistvalues>
<picklistvalue>-</picklistvalue>
<picklistvalue>Creato</picklistvalue>
<picklistvalue>Consegnato</picklistvalue>
<picklistvalue>Fatturato</picklistvalue>
</picklistvalues>
</field>
<field>
<fieldname>datadoc</fieldname>
<uitype>5</uitype>
<columnname>datadoc</columnname>
<tablename>green_ddt</tablename>
<generatedtype>1</generatedtype>
<fieldlabel>Data documento</fieldlabel>
<readonly>1</readonly>
<presence>2</presence>
<defaultvalue></defaultvalue>
<sequence>9</sequence>
<maximumlength>100</maximumlength>
<typeofdata>D~O</typeofdata>
<quickcreate>1</quickcreate>
<quickcreatesequence></quickcreatesequence>
<displaytype>1</displaytype>
<info_type>BAS</info_type>
<helpinfo><![CDATA[]]></helpinfo>
<masseditable>1</masseditable>
<summaryfield>0</summaryfield>
</field>
<field>
<fieldname>contact_id</fieldname>
<uitype>57</uitype>
<columnname>contactid</columnname>
<tablename>green_ddt</tablename>
<generatedtype>1</generatedtype>
<fieldlabel>Contact Name</fieldlabel>
<readonly>1</readonly>
<presence>2</presence>
<defaultvalue></defaultvalue>
<sequence>10</sequence>
<maximumlength>100</maximumlength>
<typeofdata>V~O</typeofdata>
<quickcreate>1</quickcreate>
<quickcreatesequence></quickcreatesequence>
<displaytype>1</displaytype>
<info_type>BAS</info_type>
<helpinfo><![CDATA[]]></helpinfo>
<masseditable>1</masseditable>
<summaryfield>0</summaryfield>
</field>
<field>
<fieldname>hdnSubTotal</fieldname>
<uitype>72</uitype>
<columnname>subtotal</columnname>
<tablename>green_ddt</tablename>
<generatedtype>1</generatedtype>
<fieldlabel>Sub Total</fieldlabel>
<readonly>1</readonly>
<presence>2</presence>
<defaultvalue></defaultvalue>
<sequence>11</sequence>
<maximumlength>100</maximumlength>
<typeofdata>N~O</typeofdata>
<quickcreate>1</quickcreate>
<quickcreatesequence></quickcreatesequence>
<displaytype>3</displaytype>
<info_type>BAS</info_type>
<helpinfo><![CDATA[]]></helpinfo>
<masseditable>1</masseditable>
<summaryfield>0</summaryfield>
</field>
<field>
<fieldname>shipping</fieldname>
<uitype>1</uitype>
<columnname>shipping</columnname>
<tablename>green_ddt</tablename>
<generatedtype>1</generatedtype>
<fieldlabel>Shipping</fieldlabel>
<readonly>1</readonly>
<presence>2</presence>
<defaultvalue></defaultvalue>
<sequence>12</sequence>
<maximumlength>100</maximumlength>
<typeofdata>V~O</typeofdata>
<quickcreate>1</quickcreate>
<quickcreatesequence></quickcreatesequence>
<displaytype>1</displaytype>
<info_type>BAS</info_type>
<helpinfo><![CDATA[]]></helpinfo>
<masseditable>1</masseditable>
<summaryfield>0</summaryfield>
</field>
<field>
<fieldname>txtAdjustment</fieldname>
<uitype>72</uitype>
<columnname>adjustment</columnname>
<tablename>green_ddt</tablename>
<generatedtype>1</generatedtype>
<fieldlabel>Adjustment</fieldlabel>
<readonly>1</readonly>
<presence>2</presence>
<defaultvalue></defaultvalue>
<sequence>13</sequence>
<maximumlength>100</maximumlength>
<typeofdata>NN~O</typeofdata>
<quickcreate>1</quickcreate>
<quickcreatesequence></quickcreatesequence>
<displaytype>3</displaytype>
<info_type>BAS</info_type>
<helpinfo><![CDATA[]]></helpinfo>
<masseditable>1</masseditable>
<summaryfield>0</summaryfield>
</field>
<field>
<fieldname>hdnGrandTotal</fieldname>
<uitype>72</uitype>
<columnname>total</columnname>
<tablename>green_ddt</tablename>
<generatedtype>1</generatedtype>
<fieldlabel>Total</fieldlabel>
<readonly>1</readonly>
<presence>2</presence>
<defaultvalue></defaultvalue>
<sequence>14</sequence>
<maximumlength>100</maximumlength>
<typeofdata>N~O</typeofdata>
<quickcreate>1</quickcreate>
<quickcreatesequence></quickcreatesequence>
<displaytype>3</displaytype>
<info_type>BAS</info_type>
<helpinfo><![CDATA[]]></helpinfo>
<masseditable>1</masseditable>
<summaryfield>0</summaryfield>
</field>
<field>
<fieldname>hdnTaxType</fieldname>
<uitype>16</uitype>
<columnname>taxtype</columnname>
<tablename>green_ddt</tablename>
<generatedtype>1</generatedtype>
<fieldlabel>Tax Type</fieldlabel>
<readonly>1</readonly>
<presence>2</presence>
<defaultvalue></defaultvalue>
<sequence>15</sequence>
<maximumlength>100</maximumlength>
<typeofdata>V~O</typeofdata>
<quickcreate>1</quickcreate>
<quickcreatesequence></quickcreatesequence>
<displaytype>3</displaytype>
<info_type>BAS</info_type>
<helpinfo><![CDATA[]]></helpinfo>
<masseditable>1</masseditable>
<summaryfield>0</summaryfield>
<picklistvalues>
</picklistvalues>
</field>
<field>
<fieldname>hdnS_H_Amount</fieldname>
<uitype>72</uitype>
<columnname>s_h_amount</columnname>
<tablename>green_ddt</tablename>
<generatedtype>1</generatedtype>
<fieldlabel>S&amp;H Amount</fieldlabel>
<readonly>1</readonly>
<presence>2</presence>
<defaultvalue></defaultvalue>
<sequence>16</sequence>
<maximumlength>100</maximumlength>
<typeofdata>N~O</typeofdata>
<quickcreate>1</quickcreate>
<quickcreatesequence></quickcreatesequence>
<displaytype>3</displaytype>
<info_type>BAS</info_type>
<helpinfo><![CDATA[]]></helpinfo>
<masseditable>1</masseditable>
<summaryfield>0</summaryfield>
</field>
<field>
<fieldname>account_id</fieldname>
<uitype>73</uitype>
<columnname>accountid</columnname>
<tablename>green_ddt</tablename>
<generatedtype>1</generatedtype>
<fieldlabel>Account Name</fieldlabel>
<readonly>1</readonly>
<presence>2</presence>
<defaultvalue></defaultvalue>
<sequence>17</sequence>
<maximumlength>100</maximumlength>
<typeofdata>I~M</typeofdata>
<quickcreate>1</quickcreate>
<quickcreatesequence></quickcreatesequence>
<displaytype>1</displaytype>
<info_type>BAS</info_type>
<helpinfo><![CDATA[]]></helpinfo>
<masseditable>1</masseditable>
<summaryfield>0</summaryfield>
</field>
<field>
<fieldname>currency_id</fieldname>
<uitype>117</uitype>
<columnname>currency_id</columnname>
<tablename>green_ddt</tablename>
<generatedtype>1</generatedtype>
<fieldlabel>Currency</fieldlabel>
<readonly>1</readonly>
<presence>2</presence>
<defaultvalue></defaultvalue>
<sequence>18</sequence>
<maximumlength>100</maximumlength>
<typeofdata>I~O</typeofdata>
<quickcreate>1</quickcreate>
<quickcreatesequence></quickcreatesequence>
<displaytype>3</displaytype>
<info_type>BAS</info_type>
<helpinfo><![CDATA[]]></helpinfo>
<masseditable>1</masseditable>
<summaryfield>0</summaryfield>
</field>
<field>
<fieldname>conversion_rate</fieldname>
<uitype>1</uitype>
<columnname>conversion_rate</columnname>
<tablename>green_ddt</tablename>
<generatedtype>1</generatedtype>
<fieldlabel>Conversion Rate</fieldlabel>
<readonly>1</readonly>
<presence>2</presence>
<defaultvalue></defaultvalue>
<sequence>19</sequence>
<maximumlength>100</maximumlength>
<typeofdata>N~O</typeofdata>
<quickcreate>1</quickcreate>
<quickcreatesequence></quickcreatesequence>
<displaytype>3</displaytype>
<info_type>BAS</info_type>
<helpinfo><![CDATA[]]></helpinfo>
<masseditable>1</masseditable>
<summaryfield>0</summaryfield>
</field>
<field>
<fieldname>productid</fieldname>
<uitype>10</uitype>
<columnname>productid</columnname>
<tablename>vtiger_inventoryproductrel</tablename>
<generatedtype>1</generatedtype>
<fieldlabel>Item Name</fieldlabel>
<readonly>1</readonly>
<presence>2</presence>
<defaultvalue></defaultvalue>
<sequence>20</sequence>
<maximumlength>100</maximumlength>
<typeofdata>V~M</typeofdata>
<quickcreate>1</quickcreate>
<quickcreatesequence></quickcreatesequence>
<displaytype>5</displaytype>
<info_type>BAS</info_type>
<helpinfo><![CDATA[]]></helpinfo>
<masseditable>1</masseditable>
<summaryfield>0</summaryfield>
<relatedmodules>
<relatedmodule>Products</relatedmodule>
<relatedmodule>Services</relatedmodule>
</relatedmodules>
</field>
<field>
<fieldname>quantity</fieldname>
<uitype>7</uitype>
<columnname>quantity</columnname>
<tablename>vtiger_inventoryproductrel</tablename>
<generatedtype>1</generatedtype>
<fieldlabel>Quantity</fieldlabel>
<readonly>1</readonly>
<presence>2</presence>
<defaultvalue></defaultvalue>
<sequence>21</sequence>
<maximumlength>100</maximumlength>
<typeofdata>N~O</typeofdata>
<quickcreate>1</quickcreate>
<quickcreatesequence></quickcreatesequence>
<displaytype>5</displaytype>
<info_type>BAS</info_type>
<helpinfo><![CDATA[]]></helpinfo>
<masseditable>1</masseditable>
<summaryfield>0</summaryfield>
</field>
<field>
<fieldname>listprice</fieldname>
<uitype>71</uitype>
<columnname>listprice</columnname>
<tablename>vtiger_inventoryproductrel</tablename>
<generatedtype>1</generatedtype>
<fieldlabel>List Price</fieldlabel>
<readonly>1</readonly>
<presence>2</presence>
<defaultvalue></defaultvalue>
<sequence>22</sequence>
<maximumlength>100</maximumlength>
<typeofdata>N~O</typeofdata>
<quickcreate>1</quickcreate>
<quickcreatesequence></quickcreatesequence>
<displaytype>5</displaytype>
<info_type>BAS</info_type>
<helpinfo><![CDATA[]]></helpinfo>
<masseditable>1</masseditable>
<summaryfield>0</summaryfield>
</field>
<field>
<fieldname>comment</fieldname>
<uitype>19</uitype>
<columnname>comment</columnname>
<tablename>vtiger_inventoryproductrel</tablename>
<generatedtype>1</generatedtype>
<fieldlabel>Item Comment</fieldlabel>
<readonly>1</readonly>
<presence>2</presence>
<defaultvalue></defaultvalue>
<sequence>23</sequence>
<maximumlength>100</maximumlength>
<typeofdata>V~O</typeofdata>
<quickcreate>1</quickcreate>
<quickcreatesequence></quickcreatesequence>
<displaytype>5</displaytype>
<info_type>BAS</info_type>
<helpinfo><![CDATA[]]></helpinfo>
<masseditable>1</masseditable>
<summaryfield>0</summaryfield>
</field>
<field>
<fieldname>discount_amount</fieldname>
<uitype>71</uitype>
<columnname>discount_amount</columnname>
<tablename>vtiger_inventoryproductrel</tablename>
<generatedtype>1</generatedtype>
<fieldlabel>Discount</fieldlabel>
<readonly>1</readonly>
<presence>2</presence>
<defaultvalue></defaultvalue>
<sequence>24</sequence>
<maximumlength>100</maximumlength>
<typeofdata>N~O</typeofdata>
<quickcreate>1</quickcreate>
<quickcreatesequence></quickcreatesequence>
<displaytype>5</displaytype>
<info_type>BAS</info_type>
<helpinfo><![CDATA[]]></helpinfo>
<masseditable>1</masseditable>
<summaryfield>0</summaryfield>
</field>
<field>
<fieldname>discount_percent</fieldname>
<uitype>7</uitype>
<columnname>discount_percent</columnname>
<tablename>vtiger_inventoryproductrel</tablename>
<generatedtype>1</generatedtype>
<fieldlabel>Item Discount Percent</fieldlabel>
<readonly>1</readonly>
<presence>2</presence>
<defaultvalue></defaultvalue>
<sequence>25</sequence>
<maximumlength>100</maximumlength>
<typeofdata>V~O</typeofdata>
<quickcreate>1</quickcreate>
<quickcreatesequence></quickcreatesequence>
<displaytype>5</displaytype>
<info_type>BAS</info_type>
<helpinfo><![CDATA[]]></helpinfo>
<masseditable>1</masseditable>
<summaryfield>0</summaryfield>
</field>
<field>
<fieldname>tax1</fieldname>
<uitype>83</uitype>
<columnname>tax1</columnname>
<tablename>vtiger_inventoryproductrel</tablename>
<generatedtype>1</generatedtype>
<fieldlabel>Tax1</fieldlabel>
<readonly>1</readonly>
<presence>2</presence>
<defaultvalue></defaultvalue>
<sequence>26</sequence>
<maximumlength>100</maximumlength>
<typeofdata>V~O</typeofdata>
<quickcreate>1</quickcreate>
<quickcreatesequence></quickcreatesequence>
<displaytype>5</displaytype>
<info_type>BAS</info_type>
<helpinfo><![CDATA[]]></helpinfo>
<masseditable>1</masseditable>
<summaryfield>0</summaryfield>
</field>
<field>
<fieldname>tax2</fieldname>
<uitype>83</uitype>
<columnname>tax2</columnname>
<tablename>vtiger_inventoryproductrel</tablename>
<generatedtype>1</generatedtype>
<fieldlabel>Tax2</fieldlabel>
<readonly>1</readonly>
<presence>2</presence>
<defaultvalue></defaultvalue>
<sequence>27</sequence>
<maximumlength>100</maximumlength>
<typeofdata>V~O</typeofdata>
<quickcreate>1</quickcreate>
<quickcreatesequence></quickcreatesequence>
<displaytype>5</displaytype>
<info_type>BAS</info_type>
<helpinfo><![CDATA[]]></helpinfo>
<masseditable>1</masseditable>
<summaryfield>0</summaryfield>
</field>
<field>
<fieldname>tax3</fieldname>
<uitype>83</uitype>
<columnname>tax3</columnname>
<tablename>vtiger_inventoryproductrel</tablename>
<generatedtype>1</generatedtype>
<fieldlabel>Tax3</fieldlabel>
<readonly>1</readonly>
<presence>2</presence>
<defaultvalue></defaultvalue>
<sequence>28</sequence>
<maximumlength>100</maximumlength>
<typeofdata>V~O</typeofdata>
<quickcreate>1</quickcreate>
<quickcreatesequence></quickcreatesequence>
<displaytype>5</displaytype>
<info_type>BAS</info_type>
<helpinfo><![CDATA[]]></helpinfo>
<masseditable>1</masseditable>
<summaryfield>0</summaryfield>
</field>
<field>
<fieldname>pre_tax_total</fieldname>
<uitype>72</uitype>
<columnname>pre_tax_total</columnname>
<tablename>green_ddt</tablename>
<generatedtype>1</generatedtype>
<fieldlabel>Pre Tax Total</fieldlabel>
<readonly>1</readonly>
<presence>2</presence>
<defaultvalue></defaultvalue>
<sequence>29</sequence>
<maximumlength>100</maximumlength>
<typeofdata>N~O</typeofdata>
<quickcreate>1</quickcreate>
<quickcreatesequence></quickcreatesequence>
<displaytype>3</displaytype>
<info_type>BAS</info_type>
<helpinfo><![CDATA[]]></helpinfo>
<masseditable>1</masseditable>
<summaryfield>0</summaryfield>
</field>
<field>
<fieldname>hdnS_H_Percent</fieldname>
<uitype>1</uitype>
<columnname>s_h_percent</columnname>
<tablename>green_ddt</tablename>
<generatedtype>1</generatedtype>
<fieldlabel>S&amp;H Percent</fieldlabel>
<readonly>1</readonly>
<presence>2</presence>
<defaultvalue></defaultvalue>
<sequence>30</sequence>
<maximumlength>100</maximumlength>
<typeofdata>N~O</typeofdata>
<quickcreate>1</quickcreate>
<quickcreatesequence></quickcreatesequence>
<displaytype>5</displaytype>
<info_type>BAS</info_type>
<helpinfo><![CDATA[]]></helpinfo>
<masseditable>1</masseditable>
<summaryfield>0</summaryfield>
</field>
<field>
<fieldname>ddt_hour</fieldname>
<uitype>2</uitype>
<columnname>ddt_hour</columnname>
<tablename>green_ddt</tablename>
<generatedtype>1</generatedtype>
<fieldlabel>Ora</fieldlabel>
<readonly>1</readonly>
<presence>2</presence>
<defaultvalue></defaultvalue>
<sequence>33</sequence>
<maximumlength>100</maximumlength>
<typeofdata>T~O</typeofdata>
<quickcreate>1</quickcreate>
<quickcreatesequence></quickcreatesequence>
<displaytype>1</displaytype>
<info_type>BAS</info_type>
<helpinfo><![CDATA[]]></helpinfo>
<masseditable>1</masseditable>
<summaryfield>0</summaryfield>
</field>
</fields>
</block>
<block>
<label>LBL_CUSTOM_INFORMATION</label>
</block>
<block>
<label>LBL_ADDRESS_INFORMATION</label>
<fields>
<field>
<fieldname>bill_street</fieldname>
<uitype>24</uitype>
<columnname>bill_street</columnname>
<tablename>green_ddt</tablename>
<generatedtype>1</generatedtype>
<fieldlabel>Billing Address</fieldlabel>
<readonly>1</readonly>
<presence>2</presence>
<defaultvalue></defaultvalue>
<sequence>1</sequence>
<maximumlength>100</maximumlength>
<typeofdata>V~M</typeofdata>
<quickcreate>1</quickcreate>
<quickcreatesequence></quickcreatesequence>
<displaytype>1</displaytype>
<info_type>BAS</info_type>
<helpinfo><![CDATA[]]></helpinfo>
<masseditable>1</masseditable>
<summaryfield>0</summaryfield>
</field>
<field>
<fieldname>ship_street</fieldname>
<uitype>24</uitype>
<columnname>ship_street</columnname>
<tablename>green_ddt</tablename>
<generatedtype>1</generatedtype>
<fieldlabel>Shipping Address</fieldlabel>
<readonly>1</readonly>
<presence>2</presence>
<defaultvalue></defaultvalue>
<sequence>2</sequence>
<maximumlength>100</maximumlength>
<typeofdata>V~M</typeofdata>
<quickcreate>1</quickcreate>
<quickcreatesequence></quickcreatesequence>
<displaytype>1</displaytype>
<info_type>BAS</info_type>
<helpinfo><![CDATA[]]></helpinfo>
<masseditable>1</masseditable>
<summaryfield>0</summaryfield>
</field>
<field>
<fieldname>bill_city</fieldname>
<uitype>1</uitype>
<columnname>bill_city</columnname>
<tablename>green_ddt</tablename>
<generatedtype>1</generatedtype>
<fieldlabel>Billing City</fieldlabel>
<readonly>1</readonly>
<presence>2</presence>
<defaultvalue></defaultvalue>
<sequence>3</sequence>
<maximumlength>100</maximumlength>
<typeofdata>V~O</typeofdata>
<quickcreate>1</quickcreate>
<quickcreatesequence></quickcreatesequence>
<displaytype>1</displaytype>
<info_type>BAS</info_type>
<helpinfo><![CDATA[]]></helpinfo>
<masseditable>1</masseditable>
<summaryfield>0</summaryfield>
</field>
<field>
<fieldname>ship_city</fieldname>
<uitype>1</uitype>
<columnname>ship_city</columnname>
<tablename>green_ddt</tablename>
<generatedtype>1</generatedtype>
<fieldlabel>Shipping City</fieldlabel>
<readonly>1</readonly>
<presence>2</presence>
<defaultvalue></defaultvalue>
<sequence>4</sequence>
<maximumlength>100</maximumlength>
<typeofdata>V~O</typeofdata>
<quickcreate>1</quickcreate>
<quickcreatesequence></quickcreatesequence>
<displaytype>1</displaytype>
<info_type>BAS</info_type>
<helpinfo><![CDATA[]]></helpinfo>
<masseditable>1</masseditable>
<summaryfield>0</summaryfield>
</field>
<field>
<fieldname>bill_state</fieldname>
<uitype>1</uitype>
<columnname>bill_state</columnname>
<tablename>green_ddt</tablename>
<generatedtype>1</generatedtype>
<fieldlabel>Billing State</fieldlabel>
<readonly>1</readonly>
<presence>2</presence>
<defaultvalue></defaultvalue>
<sequence>5</sequence>
<maximumlength>100</maximumlength>
<typeofdata>V~O</typeofdata>
<quickcreate>1</quickcreate>
<quickcreatesequence></quickcreatesequence>
<displaytype>1</displaytype>
<info_type>BAS</info_type>
<helpinfo><![CDATA[]]></helpinfo>
<masseditable>1</masseditable>
<summaryfield>0</summaryfield>
</field>
<field>
<fieldname>ship_state</fieldname>
<uitype>1</uitype>
<columnname>ship_state</columnname>
<tablename>green_ddt</tablename>
<generatedtype>1</generatedtype>
<fieldlabel>Shipping State</fieldlabel>
<readonly>1</readonly>
<presence>2</presence>
<defaultvalue></defaultvalue>
<sequence>6</sequence>
<maximumlength>100</maximumlength>
<typeofdata>V~O</typeofdata>
<quickcreate>1</quickcreate>
<quickcreatesequence></quickcreatesequence>
<displaytype>1</displaytype>
<info_type>BAS</info_type>
<helpinfo><![CDATA[]]></helpinfo>
<masseditable>1</masseditable>
<summaryfield>0</summaryfield>
</field>
<field>
<fieldname>bill_code</fieldname>
<uitype>1</uitype>
<columnname>bill_code</columnname>
<tablename>green_ddt</tablename>
<generatedtype>1</generatedtype>
<fieldlabel>Billing Code</fieldlabel>
<readonly>1</readonly>
<presence>2</presence>
<defaultvalue></defaultvalue>
<sequence>7</sequence>
<maximumlength>100</maximumlength>
<typeofdata>V~O</typeofdata>
<quickcreate>1</quickcreate>
<quickcreatesequence></quickcreatesequence>
<displaytype>1</displaytype>
<info_type>BAS</info_type>
<helpinfo><![CDATA[]]></helpinfo>
<masseditable>1</masseditable>
<summaryfield>0</summaryfield>
</field>
<field>
<fieldname>ship_code</fieldname>
<uitype>1</uitype>
<columnname>ship_code</columnname>
<tablename>green_ddt</tablename>
<generatedtype>1</generatedtype>
<fieldlabel>Shipping Code</fieldlabel>
<readonly>1</readonly>
<presence>2</presence>
<defaultvalue></defaultvalue>
<sequence>8</sequence>
<maximumlength>100</maximumlength>
<typeofdata>V~O</typeofdata>
<quickcreate>1</quickcreate>
<quickcreatesequence></quickcreatesequence>
<displaytype>1</displaytype>
<info_type>BAS</info_type>
<helpinfo><![CDATA[]]></helpinfo>
<masseditable>1</masseditable>
<summaryfield>0</summaryfield>
</field>
<field>
<fieldname>bill_country</fieldname>
<uitype>1</uitype>
<columnname>bill_country</columnname>
<tablename>green_ddt</tablename>
<generatedtype>1</generatedtype>
<fieldlabel>Billing Country</fieldlabel>
<readonly>1</readonly>
<presence>2</presence>
<defaultvalue></defaultvalue>
<sequence>9</sequence>
<maximumlength>100</maximumlength>
<typeofdata>V~O</typeofdata>
<quickcreate>1</quickcreate>
<quickcreatesequence></quickcreatesequence>
<displaytype>1</displaytype>
<info_type>BAS</info_type>
<helpinfo><![CDATA[]]></helpinfo>
<masseditable>1</masseditable>
<summaryfield>0</summaryfield>
</field>
<field>
<fieldname>ship_country</fieldname>
<uitype>1</uitype>
<columnname>ship_country</columnname>
<tablename>green_ddt</tablename>
<generatedtype>1</generatedtype>
<fieldlabel>Shipping Country</fieldlabel>
<readonly>1</readonly>
<presence>2</presence>
<defaultvalue></defaultvalue>
<sequence>10</sequence>
<maximumlength>100</maximumlength>
<typeofdata>V~O</typeofdata>
<quickcreate>1</quickcreate>
<quickcreatesequence></quickcreatesequence>
<displaytype>1</displaytype>
<info_type>BAS</info_type>
<helpinfo><![CDATA[]]></helpinfo>
<masseditable>1</masseditable>
<summaryfield>0</summaryfield>
</field>
<field>
<fieldname>bill_pobox</fieldname>
<uitype>1</uitype>
<columnname>bill_pobox</columnname>
<tablename>green_ddt</tablename>
<generatedtype>1</generatedtype>
<fieldlabel>Billing Po Box</fieldlabel>
<readonly>1</readonly>
<presence>2</presence>
<defaultvalue></defaultvalue>
<sequence>11</sequence>
<maximumlength>100</maximumlength>
<typeofdata>V~O</typeofdata>
<quickcreate>1</quickcreate>
<quickcreatesequence></quickcreatesequence>
<displaytype>1</displaytype>
<info_type>BAS</info_type>
<helpinfo><![CDATA[]]></helpinfo>
<masseditable>1</masseditable>
<summaryfield>0</summaryfield>
</field>
<field>
<fieldname>ship_pobox</fieldname>
<uitype>1</uitype>
<columnname>ship_pobox</columnname>
<tablename>green_ddt</tablename>
<generatedtype>1</generatedtype>
<fieldlabel>Shipping Po Box</fieldlabel>
<readonly>1</readonly>
<presence>2</presence>
<defaultvalue></defaultvalue>
<sequence>12</sequence>
<maximumlength>100</maximumlength>
<typeofdata>V~O</typeofdata>
<quickcreate>1</quickcreate>
<quickcreatesequence></quickcreatesequence>
<displaytype>1</displaytype>
<info_type>BAS</info_type>
<helpinfo><![CDATA[]]></helpinfo>
<masseditable>1</masseditable>
<summaryfield>0</summaryfield>
</field>
</fields>
</block>
<block>
<label>Termini e condizioni</label>
<fields>
<field>
<fieldname>terms_conditions</fieldname>
<uitype>19</uitype>
<columnname>terms_conditions</columnname>
<tablename>green_ddt</tablename>
<generatedtype>1</generatedtype>
<fieldlabel>Terms &amp; Conditions</fieldlabel>
<readonly>1</readonly>
<presence>2</presence>
<defaultvalue></defaultvalue>
<sequence>1</sequence>
<maximumlength>100</maximumlength>
<typeofdata>V~O</typeofdata>
<quickcreate>1</quickcreate>
<quickcreatesequence></quickcreatesequence>
<displaytype>1</displaytype>
<info_type>BAS</info_type>
<helpinfo><![CDATA[]]></helpinfo>
<masseditable>1</masseditable>
<summaryfield>0</summaryfield>
</field>
</fields>
</block>
<block>
<label>Informazioni descrizione</label>
<fields>
<field>
<fieldname>description</fieldname>
<uitype>19</uitype>
<columnname>description</columnname>
<tablename>vtiger_crmentity</tablename>
<generatedtype>1</generatedtype>
<fieldlabel>Description</fieldlabel>
<readonly>1</readonly>
<presence>2</presence>
<defaultvalue></defaultvalue>
<sequence>1</sequence>
<maximumlength>100</maximumlength>
<typeofdata>V~O</typeofdata>
<quickcreate>1</quickcreate>
<quickcreatesequence></quickcreatesequence>
<displaytype>1</displaytype>
<info_type>BAS</info_type>
<helpinfo><![CDATA[]]></helpinfo>
<masseditable>1</masseditable>
<summaryfield>0</summaryfield>
</field>
</fields>
</block>
<block>
<label>Spedizione e consegna</label>
<fields>
<field>
<fieldname>trasporto</fieldname>
<uitype>15</uitype>
<columnname>trasporto</columnname>
<tablename>green_ddt</tablename>
<generatedtype>1</generatedtype>
<fieldlabel>Trasporto a mezzo</fieldlabel>
<readonly>1</readonly>
<presence>2</presence>
<defaultvalue></defaultvalue>
<sequence>1</sequence>
<maximumlength>100</maximumlength>
<typeofdata>V~O</typeofdata>
<quickcreate>1</quickcreate>
<quickcreatesequence></quickcreatesequence>
<displaytype>1</displaytype>
<info_type>BAS</info_type>
<helpinfo><![CDATA[]]></helpinfo>
<masseditable>1</masseditable>
<summaryfield>0</summaryfield>
<picklistvalues>
<picklistvalue>-</picklistvalue>
<picklistvalue>Interno</picklistvalue>
<picklistvalue>TNT</picklistvalue>
<picklistvalue>Bartolini</picklistvalue>
</picklistvalues>
</field>
<field>
<fieldname>dataritiro</fieldname>
<uitype>5</uitype>
<columnname>dataritiro</columnname>
<tablename>green_ddt</tablename>
<generatedtype>1</generatedtype>
<fieldlabel>Data ritiro</fieldlabel>
<readonly>1</readonly>
<presence>2</presence>
<defaultvalue></defaultvalue>
<sequence>2</sequence>
<maximumlength>100</maximumlength>
<typeofdata>D~O</typeofdata>
<quickcreate>1</quickcreate>
<quickcreatesequence></quickcreatesequence>
<displaytype>1</displaytype>
<info_type>BAS</info_type>
<helpinfo><![CDATA[]]></helpinfo>
<masseditable>1</masseditable>
<summaryfield>0</summaryfield>
</field>
<field>
<fieldname>vettore</fieldname>
<uitype>19</uitype>
<columnname>vettore</columnname>
<tablename>green_ddt</tablename>
<generatedtype>1</generatedtype>
<fieldlabel>Vettore</fieldlabel>
<readonly>1</readonly>
<presence>2</presence>
<defaultvalue></defaultvalue>
<sequence>3</sequence>
<maximumlength>100</maximumlength>
<typeofdata>V~O</typeofdata>
<quickcreate>1</quickcreate>
<quickcreatesequence></quickcreatesequence>
<displaytype>1</displaytype>
<info_type>BAS</info_type>
<helpinfo><![CDATA[]]></helpinfo>
<masseditable>1</masseditable>
<summaryfield>0</summaryfield>
</field>
<field>
<fieldname>assigned_user_id1</fieldname>
<uitype>77</uitype>
<columnname>inventorymanager</columnname>
<tablename>green_ddt</tablename>
<generatedtype>1</generatedtype>
<fieldlabel>Responsabile magazzino</fieldlabel>
<readonly>1</readonly>
<presence>2</presence>
<defaultvalue></defaultvalue>
<sequence>4</sequence>
<maximumlength>100</maximumlength>
<typeofdata>I~O</typeofdata>
<quickcreate>1</quickcreate>
<quickcreatesequence></quickcreatesequence>
<displaytype>1</displaytype>
<info_type>BAS</info_type>
<helpinfo><![CDATA[]]></helpinfo>
<masseditable>1</masseditable>
<summaryfield>0</summaryfield>
</field>
</fields>
</block>
</blocks>
<customviews>
<customview>
<viewname>All</viewname>
<setdefault>true</setdefault>
<setmetrics>false</setmetrics>
<fields>
<field>
<fieldname>subject</fieldname>
<columnindex>0</columnindex>
</field>
<field>
<fieldname>ddt_no</fieldname>
<columnindex>1</columnindex>
</field>
<field>
<fieldname>account_id</fieldname>
<columnindex>2</columnindex>
</field>
<field>
<fieldname>ddtstage</fieldname>
<columnindex>3</columnindex>
</field>
<field>
<fieldname>datadoc</fieldname>
<columnindex>4</columnindex>
</field>
</fields>
</customview>
<customview>
<viewname>Fatturati</viewname>
<setdefault>false</setdefault>
<setmetrics>false</setmetrics>
<fields>
<field>
<fieldname>subject</fieldname>
<columnindex>0</columnindex>
</field>
<field>
<fieldname>ddt_no</fieldname>
<columnindex>1</columnindex>
</field>
<field>
<fieldname>account_id</fieldname>
<columnindex>2</columnindex>
</field>
<field>
<fieldname>ddtstage</fieldname>
<columnindex>3</columnindex>
<rules>
<rule>
<columnindex>0</columnindex>
<comparator>EQUALS</comparator>
<value>Fatturato</value>
</rule>
</rules>
</field>
<field>
<fieldname>datadoc</fieldname>
<columnindex>4</columnindex>
</field>
</fields>
</customview>
<customview>
<viewname>Da fatturare</viewname>
<setdefault>false</setdefault>
<setmetrics>false</setmetrics>
<fields>
<field>
<fieldname>subject</fieldname>
<columnindex>0</columnindex>
</field>
<field>
<fieldname>ddt_no</fieldname>
<columnindex>1</columnindex>
</field>
<field>
<fieldname>account_id</fieldname>
<columnindex>2</columnindex>
</field>
<field>
<fieldname>ddtstage</fieldname>
<columnindex>3</columnindex>
<rules>
<rule>
<columnindex>0</columnindex>
<comparator>EQUALS</comparator>
<value>Creato,Consegnato</value>
</rule>
</rules>
</field>
<field>
<fieldname>datadoc</fieldname>
<columnindex>4</columnindex>
</field>
</fields>
</customview>
</customviews>
<sharingaccess>
<default>public_readwritedelete</default>
</sharingaccess>
<actions>
<action>
<name><![CDATA[Import]]></name>
<status>enabled</status>
</action>
<action>
<name><![CDATA[Export]]></name>
<status>enabled</status>
</action>
<action>
<name><![CDATA[Merge]]></name>
<status>enabled</status>
</action>
</actions>
<crons>
</crons>
</module>

