<?xml version='1.0'?>
<module>
<exporttime>2014-06-10 13:46:52</exporttime>
<name>Banche</name>
<label>Banche</label>
<parent>Marketing</parent>
<dependencies>
<vtiger_version>6.0.0</vtiger_version>
</dependencies>
<tables>
<table>
<name>green_banche</name>
<sql><![CDATA[CREATE TABLE `green_banche` (
  `bancheid` int(11) DEFAULT NULL,
  `nomebanca` varchar(255) DEFAULT NULL,
  `bancaattiva` varchar(3) DEFAULT NULL,
  `dettaglibanca` varchar(255) DEFAULT NULL,
  `iban` varchar(255) DEFAULT NULL,
  `banca_no` varchar(100) DEFAULT NULL
) ENGINE=InnoDB DEFAULT CHARSET=utf8]]></sql>
</table>
<table>
<name>green_banchecf</name>
<sql><![CDATA[CREATE TABLE `green_banchecf` (
  `bancheid` int(11) NOT NULL,
  PRIMARY KEY (`bancheid`)
) ENGINE=InnoDB DEFAULT CHARSET=utf8]]></sql>
</table>
</tables>
<blocks>
<block>
<label>LBL_BANCHE_INFORMATION</label>
<fields>
<field>
<fieldname>nomebanca</fieldname>
<uitype>2</uitype>
<columnname>nomebanca</columnname>
<tablename>green_banche</tablename>
<generatedtype>1</generatedtype>
<fieldlabel>Nomebanca</fieldlabel>
<readonly>1</readonly>
<presence>2</presence>
<defaultvalue></defaultvalue>
<sequence>1</sequence>
<maximumlength>100</maximumlength>
<typeofdata>V~M</typeofdata>
<quickcreate>1</quickcreate>
<quickcreatesequence></quickcreatesequence>
<displaytype>1</displaytype>
<info_type>BAS</info_type>
<helpinfo><![CDATA[]]></helpinfo>
<masseditable>1</masseditable>
<entityidentifier>
<entityidfield>bancheid</entityidfield>
<entityidcolumn>bancheid</entityidcolumn>
</entityidentifier>
</field>
<field>
<fieldname>assigned_user_id</fieldname>
<uitype>53</uitype>
<columnname>smownerid</columnname>
<tablename>vtiger_crmentity</tablename>
<generatedtype>1</generatedtype>
<fieldlabel>Assigned To</fieldlabel>
<readonly>1</readonly>
<presence>2</presence>
<defaultvalue></defaultvalue>
<sequence>5</sequence>
<maximumlength>100</maximumlength>
<typeofdata>V~M</typeofdata>
<quickcreate>1</quickcreate>
<quickcreatesequence></quickcreatesequence>
<displaytype>1</displaytype>
<info_type>BAS</info_type>
<helpinfo><![CDATA[]]></helpinfo>
<masseditable>1</masseditable>
</field>
<field>
<fieldname>createdtime</fieldname>
<uitype>70</uitype>
<columnname>createdtime</columnname>
<tablename>vtiger_crmentity</tablename>
<generatedtype>1</generatedtype>
<fieldlabel>Created Time</fieldlabel>
<readonly>1</readonly>
<presence>2</presence>
<defaultvalue></defaultvalue>
<sequence>7</sequence>
<maximumlength>100</maximumlength>
<typeofdata>T~O</typeofdata>
<quickcreate>1</quickcreate>
<quickcreatesequence></quickcreatesequence>
<displaytype>2</displaytype>
<info_type>BAS</info_type>
<helpinfo><![CDATA[]]></helpinfo>
<masseditable>1</masseditable>
</field>
<field>
<fieldname>modifiedtime</fieldname>
<uitype>70</uitype>
<columnname>modifiedtime</columnname>
<tablename>vtiger_crmentity</tablename>
<generatedtype>1</generatedtype>
<fieldlabel>Modified Time</fieldlabel>
<readonly>1</readonly>
<presence>2</presence>
<defaultvalue></defaultvalue>
<sequence>8</sequence>
<maximumlength>100</maximumlength>
<typeofdata>T~O</typeofdata>
<quickcreate>1</quickcreate>
<quickcreatesequence></quickcreatesequence>
<displaytype>2</displaytype>
<info_type>BAS</info_type>
<helpinfo><![CDATA[]]></helpinfo>
<masseditable>1</masseditable>
</field>
<field>
<fieldname>bancaattiva</fieldname>
<uitype>56</uitype>
<columnname>bancaattiva</columnname>
<tablename>green_banche</tablename>
<generatedtype>1</generatedtype>
<fieldlabel>Banca attiva</fieldlabel>
<readonly>1</readonly>
<presence>2</presence>
<defaultvalue>1</defaultvalue>
<sequence>4</sequence>
<maximumlength>100</maximumlength>
<typeofdata>V~O</typeofdata>
<quickcreate>2</quickcreate>
<quickcreatesequence>0</quickcreatesequence>
<displaytype>1</displaytype>
<info_type>BAS</info_type>
<helpinfo><![CDATA[]]></helpinfo>
<masseditable>1</masseditable>
</field>
<field>
<fieldname>dettagliobanca</fieldname>
<uitype>19</uitype>
<columnname>dettaglibanca</columnname>
<tablename>green_banche</tablename>
<generatedtype>1</generatedtype>
<fieldlabel>Dettaglio banca</fieldlabel>
<readonly>1</readonly>
<presence>2</presence>
<defaultvalue></defaultvalue>
<sequence>6</sequence>
<maximumlength>100</maximumlength>
<typeofdata>V~O</typeofdata>
<quickcreate>1</quickcreate>
<quickcreatesequence></quickcreatesequence>
<displaytype>1</displaytype>
<info_type>BAS</info_type>
<helpinfo><![CDATA[]]></helpinfo>
<masseditable>1</masseditable>
</field>
<field>
<fieldname>iban</fieldname>
<uitype>1</uitype>
<columnname>iban</columnname>
<tablename>green_banche</tablename>
<generatedtype>1</generatedtype>
<fieldlabel>IBAN</fieldlabel>
<readonly>1</readonly>
<presence>2</presence>
<defaultvalue></defaultvalue>
<sequence>3</sequence>
<maximumlength>100</maximumlength>
<typeofdata>V~O</typeofdata>
<quickcreate>1</quickcreate>
<quickcreatesequence></quickcreatesequence>
<displaytype>1</displaytype>
<info_type>BAS</info_type>
<helpinfo><![CDATA[]]></helpinfo>
<masseditable>1</masseditable>
</field>
<field>
<fieldname>banca_no</fieldname>
<uitype>4</uitype>
<columnname>banca_no</columnname>
<tablename>green_banche</tablename>
<generatedtype>1</generatedtype>
<fieldlabel>banca_no</fieldlabel>
<readonly>1</readonly>
<presence>2</presence>
<defaultvalue></defaultvalue>
<sequence>2</sequence>
<maximumlength>100</maximumlength>
<typeofdata>V~O</typeofdata>
<quickcreate>1</quickcreate>
<quickcreatesequence></quickcreatesequence>
<displaytype>1</displaytype>
<info_type>BAS</info_type>
<helpinfo><![CDATA[]]></helpinfo>
<masseditable>1</masseditable>
</field>
</fields>
</block>
<block>
<label>LBL_CUSTOM_INFORMATION</label>
</block>
</blocks>
<customviews>
<customview>
<viewname>Banche attive</viewname>
<setdefault>true</setdefault>
<setmetrics>false</setmetrics>
<fields>
<field>
<fieldname>nomebanca</fieldname>
<columnindex>0</columnindex>
</field>
<field>
<fieldname>iban</fieldname>
<columnindex>1</columnindex>
</field>
<field>
<fieldname>dettagliobanca</fieldname>
<columnindex>2</columnindex>
</field>
<field>
<fieldname>bancaattiva</fieldname>
<columnindex>3</columnindex>
<rules>
<rule>
<columnindex>0</columnindex>
<comparator>EQUALS</comparator>
<value>1</value>
</rule>
</rules>
</field>
</fields>
</customview>
<customview>
<viewname>Tutte le banche</viewname>
<setdefault>false</setdefault>
<setmetrics>false</setmetrics>
<fields>
<field>
<fieldname>nomebanca</fieldname>
<columnindex>0</columnindex>
</field>
<field>
<fieldname>iban</fieldname>
<columnindex>1</columnindex>
</field>
<field>
<fieldname>dettagliobanca</fieldname>
<columnindex>2</columnindex>
</field>
<field>
<fieldname>bancaattiva</fieldname>
<columnindex>3</columnindex>
</field>
</fields>
</customview>
</customviews>
<sharingaccess>
<default>public_readwritedelete</default>
</sharingaccess>
<actions>
<action>
<name><![CDATA[Import]]></name>
<status>enabled</status>
</action>
<action>
<name><![CDATA[Export]]></name>
<status>enabled</status>
</action>
<action>
<name><![CDATA[Merge]]></name>
<status>enabled</status>
</action>
</actions>
<crons>
</crons>
</module>
